scorer,DeepCut_resnet50_jankenNov30shuffle1_1030000,DeepCut_resnet50_jankenNov30shuffle1_1030000,DeepCut_resnet50_jankenNov30shuffle1_1030000,DeepCut_resnet50_jankenNov30shuffle1_1030000,DeepCut_resnet50_jankenNov30shuffle1_1030000,DeepCut_resnet50_jankenNov30shuffle1_1030000,DeepCut_resnet50_jankenNov30shuffle1_1030000,DeepCut_resnet50_jankenNov30shuffle1_1030000,DeepCut_resnet50_jankenNov30shuffle1_1030000,DeepCut_resnet50_jankenNov30shuffle1_1030000,DeepCut_resnet50_jankenNov30shuffle1_1030000,DeepCut_resnet50_jankenNov30shuffle1_1030000,DeepCut_resnet50_jankenNov30shuffle1_1030000,DeepCut_resnet50_jankenNov30shuffle1_1030000,DeepCut_resnet50_jankenNov30shuffle1_1030000,DeepCut_resnet50_jankenNov30shuffle1_1030000,DeepCut_resnet50_jankenNov30shuffle1_1030000,DeepCut_resnet50_jankenNov30shuffle1_1030000,DeepCut_resnet50_jankenNov30shuffle1_1030000,DeepCut_resnet50_jankenNov30shuffle1_1030000,DeepCut_resnet50_jankenNov30shuffle1_1030000,DeepCut_resnet50_jankenNov30shuffle1_1030000,DeepCut_resnet50_jankenNov30shuffle1_1030000,DeepCut_resnet50_jankenNov30shuffle1_1030000,DeepCut_resnet50_jankenNov30shuffle1_1030000,DeepCut_resnet50_jankenNov30shuffle1_1030000,DeepCut_resnet50_jankenNov30shuffle1_1030000,DeepCut_resnet50_jankenNov30shuffle1_1030000,DeepCut_resnet50_jankenNov30shuffle1_1030000,DeepCut_resnet50_jankenNov30shuffle1_1030000,DeepCut_resnet50_jankenNov30shuffle1_1030000,DeepCut_resnet50_jankenNov30shuffle1_1030000,DeepCut_resnet50_jankenNov30shuffle1_1030000,DeepCut_resnet50_jankenNov30shuffle1_1030000,DeepCut_resnet50_jankenNov30shuffle1_1030000,DeepCut_resnet50_jankenNov30shuffle1_1030000,DeepCut_resnet50_jankenNov30shuffle1_1030000,DeepCut_resnet50_jankenNov30shuffle1_1030000,DeepCut_resnet50_jankenNov30shuffle1_1030000,DeepCut_resnet50_jankenNov30shuffle1_1030000,DeepCut_resnet50_jankenNov30shuffle1_1030000,DeepCut_resnet50_jankenNov30shuffle1_1030000,DeepCut_resnet50_jankenNov30shuffle1_1030000,DeepCut_resnet50_jankenNov30shuffle1_1030000,DeepCut_resnet50_jankenNov30shuffle1_1030000,DeepCut_resnet50_jankenNov30shuffle1_1030000,DeepCut_resnet50_jankenNov30shuffle1_1030000,DeepCut_resnet50_jankenNov30shuffle1_1030000,DeepCut_resnet50_jankenNov30shuffle1_1030000,DeepCut_resnet50_jankenNov30shuffle1_1030000,DeepCut_resnet50_jankenNov30shuffle1_1030000
bodyparts,wrist,wrist,wrist,palm,palm,palm,thumb1,thumb1,thumb1,thumb2,thumb2,thumb2,thumb3,thumb3,thumb3,index1,index1,index1,index2,index2,index2,index3,index3,index3,middle1,middle1,middle1,middle2,middle2,middle2,middle3,middle3,middle3,ring1,ring1,ring1,ring2,ring2,ring2,ring3,ring3,ring3,little1,little1,little1,little2,little2,little2,little3,little3,little3
coords,x,y,likelihood,x,y,likelihood,x,y,likelihood,x,y,likelihood,x,y,likelihood,x,y,likelihood,x,y,likelihood,x,y,likelihood,x,y,likelihood,x,y,likelihood,x,y,likelihood,x,y,likelihood,x,y,likelihood,x,y,likelihood,x,y,likelihood,x,y,likelihood,x,y,likelihood
0,387.66198068857193,481.29086112976074,1.0,326.26170778274536,447.2145540714264,1.0,322.47752952575684,378.5664358139038,1.0,278.9012393951416,364.75083380937576,0.9999998807907104,219.37918657064438,341.3379793167114,1.0,285.69725477695465,396.79806584119797,1.0,220.59429264068604,382.0283513069153,1.0,258.33236479759216,386.26186311244965,1.0,284.75562262535095,422.9612228870392,0.9999998807907104,222.66055369377136,417.80727672576904,1.0,265.35278129577637,413.17358589172363,0.9999998807907104,292.92782068252563,453.7697308063507,0.9999568462371826,241.3498249053955,460.4372932612896,1.0,278.5259165763855,451.2117163538933,1.0,301.3835754394531,483.9315320700407,0.9862897992134094,251.49370956420898,495.110342502594,1.0,288.36214876174927,483.10193169116974,1.0
1,410.74904680252075,481.29086112976074,1.0,346.76675164699554,447.2145540714264,0.9999995231628418,344.3522925376892,378.5664358139038,1.0,291.20903062820435,364.75083380937576,0.9999987483024597,239.51373982429504,341.3379793167114,1.0,302.9192910194397,396.79806584119797,0.999995231628418,233.38223218917847,382.0283513069153,1.0,265.4082999229431,386.26186311244965,0.9995194673538208,303.72801542282104,422.9612228870392,0.9969581961631775,235.50473642349243,417.80727672576904,1.0,266.7382779121399,413.17358589172363,0.9998950958251953,310.80722641944885,453.7697308063507,0.9997540712356567,264.28098011016846,460.4372932612896,1.0,284.28810715675354,451.2117163538933,0.9999980330467224,323.977611836046,483.9315320700407,0.9999942779541016,275.5510903298855,495.110342502594,1.0,300.19705025851727,483.10193169116974,0.9999955892562866
2,435.25623977184296,481.29086112976074,1.0,366.7278666496277,447.2145540714264,0.9999986886978149,367.25665760040283,378.5664358139038,1.0,333.77336859703064,364.75083380937576,0.9999997019767761,268.6630557179451,341.3379793167114,1.0,324.30897134542465,396.79806584119797,0.9999996423721313,256.0148105621338,382.0283513069153,0.9999996423721313,282.726291179657,386.26186311244965,0.897527813911438,324.8339141011238,422.9612228870392,0.996538519859314,252.70754837989807,417.80727672576904,0.9999499320983887,283.03250426054,413.17358589172363,0.9949164390563965,322.9600729942322,453.7697308063507,0.9999712705612183,278.8213493824005,460.4372932612896,0.9999793767929077,291.6102146804333,451.2117163538933,0.9999988079071045,336.727632522583,483.9315320700407,0.999994158744812,285.3142498731613,495.110342502594,0.9999994039535522,304.54037714004517,483.10193169116974,0.9999454021453857
3,465.62155628204346,454.8717153072357,1.0,389.8484992980957,398.5426661968231,1.0,402.21730637550354,319.86156034469604,0.9999997615814209,357.8599464893341,302.53210258483887,1.0,306.2933267354965,276.9910224676132,1.0,352.4550919532776,334.9603145122528,0.999999463558197,326.97851371765137,321.95748376846313,0.9984614849090576,316.03308741375804,312.6429286003113,0.999997615814209,346.35828387737274,356.6345717906952,0.9992620348930359,323.9205978065729,344.71013593673706,0.999987006187439,307.4654064774513,339.18515878915787,0.9999921917915344,340.0322089791298,394.2471331357956,0.9999996423721313,317.96230697631836,388.500734269619,0.9999983310699463,301.6049267053604,389.3205213546753,0.9999977350234985,347.0201916694641,434.37596094608307,1.0,323.6696466207504,432.88381719589233,0.9999988675117493,305.0368881225586,431.6047327518463,0.9999984502792358
4,497.67940640449524,429.1209590435028,1.0,417.6489908695221,345.65097761154175,1.0,442.1590094566345,252.42961272597313,1.0,415.5366413593292,233.95044565200806,1.0,362.9282932281494,209.11827516555786,1.0,397.19350016117096,265.9428925514221,1.0,369.3096077442169,246.56607675552368,1.0,363.42430877685547,237.3052794933319,1.0,383.3507571220398,290.4703768491745,1.0,356.8794360756874,277.18234646320343,1.0,342.6018328666687,268.7145748138428,1.0,360.35786294937134,334.71578884124756,1.0,338.40590620040894,323.37779104709625,1.0,322.2580542564392,315.36531299352646,1.0,358.1712830066681,382.9717926979065,1.0,333.917023062706,376.4600396156311,1.0,314.35332202911377,367.52869176864624,1.0
5,528.8063440322876,407.25112557411194,1.0,457.8104786872864,305.2367854118347,1.0,502.6792356967926,213.87660217285156,0.9998588562011719,477.4522399902344,188.576434135437,1.0,426.71828520298004,147.67495703697205,0.9998218417167664,446.1989414691925,209.569109916687,0.9999927282333374,419.34762966632843,188.5214131474495,0.9999998807907104,408.75557470321655,173.99526453018188,1.0,417.4892387390137,242.83054101467133,1.0,392.9320821762085,222.27273511886597,0.9999996423721313,380.8770703673363,210.95222997665405,0.9999997615814209,387.43206399679184,286.5244345664978,0.9999998807907104,366.4651596546173,269.8747740983963,1.0,350.46740913391113,253.74396014213562,0.9999996423721313,379.63126319646835,337.689510345459,1.0,349.2191163301468,323.7947620302439,1.0,337.2477912902832,302.10768818855286,1.0
6,547.3137664794922,396.11457055807114,0.999769926071167,485.37650287151337,281.0539894104004,0.9999997615814209,541.2068139314651,213.87660217285156,0.11827951669692993,519.7963254451752,151.82213258743286,0.9986885786056519,508.8863198161125,88.45749807357788,0.9588227868080139,499.71694082021713,162.4360203742981,0.9999996423721313,474.512526512146,137.95717549324036,0.9999901056289673,459.92925901710987,120.7127594947815,0.9999998807907104,452.6914741396904,204.17483313381672,1.0,428.6584162712097,173.8785161972046,0.9999995231628418,411.50212574005127,158.55132031440735,0.9999871253967285,416.52235674858093,245.0601794719696,1.0,395.9767416473478,225.78606796264648,1.0,382.46099638938904,198.74008965492249,1.0,399.3851046562195,297.1206588745117,1.0,368.8148355484009,279.8133924007416,1.0,367.5120062828064,245.46384298801422,1.0
7,547.3137664794922,392.295289516449,0.0008128881454467773,501.2945747375488,266.2714705467224,1.0,542.3773150444031,213.87660217285156,0.0053656697273254395,539.3088883757591,151.82213258743286,0.0011244714260101318,516.192197561264,87.52935743331909,0.0003546476364135742,515.4197888970375,146.63171792030334,1.0,474.512526512146,104.12490892410278,1.0,499.63323479890823,79.77358078956604,1.0,480.65109634399414,176.67626905441284,1.0,452.4813993573189,136.87262296676636,1.0,438.55659198760986,116.12422275543213,1.0,437.8863641023636,216.04557728767395,1.0,416.8797194957733,187.92893838882446,1.0,406.6710891723633,153.79642486572266,1.0,418.16659355163574,267.6572403907776,1.0,386.54238748550415,246.3555326461792,1.0,388.8749116063118,204.52692699432373,1.0
8,547.3137664794922,254.91630911827087,0.00013396143913269043,518.9416813850403,252.63048827648163,1.0,542.7998099327087,219.00209325551987,0.004238337278366089,539.3088883757591,151.82213258743286,0.0005120337009429932,521.3080554008484,51.72009542584419,0.09782886505126953,515.4197888970375,146.63171792030334,0.9976761937141418,515.0912508368492,78.70254182815552,0.926637589931488,499.63323479890823,66.94932913780212,0.9999970197677612,498.64614152908325,160.70770144462585,1.0,474.2580506801605,111.26687955856323,1.0,465.5023407936096,84.99324947595596,0.9999999403953552,453.545986533165,198.81462574005127,0.9999994039535522,432.6043529510498,166.0425581932068,1.0,427.3204517364502,124.95506602525711,1.0,431.936466217041,249.94220757484436,1.0,400.68374013900757,226.32678532600403,1.0,404.4062739908695,180.47490864992142,1.0
9,547.888418674469,254.91630911827087,0.0004876554012298584,518.9416813850403,252.63048827648163,0.9999996423721313,542.7998099327087,219.86013697087765,0.0008814334869384766,539.6641477644444,135.3091058731079,0.0008020102977752686,521.3080554008484,51.72009542584419,0.028454214334487915,525.0254814624786,144.01798939704895,0.9610471725463867,533.0993695259094,78.70254182815552,0.9696980714797974,521.6510050296783,59.814359322190285,0.9997662305831909,498.64614152908325,160.70770144462585,0.9992662668228149,478.5506765842438,111.26687955856323,0.9999286532402039,475.6522089242935,84.99324947595596,0.9874153733253479,453.545986533165,198.6734631061554,0.9999893307685852,432.6043529510498,166.0425581932068,0.9999990463256836,439.3904995918274,124.95506602525711,1.0,431.936466217041,249.94220757484436,1.0,400.68374013900757,226.32678532600403,1.0,409.59291791915894,180.47490864992142,0.9999997615814209
10,547.888418674469,254.91630911827087,0.0007554888725280762,518.9416813850403,252.63048827648163,0.9999985694885254,544.8882412910461,219.86013697087765,0.0013484954833984375,539.6641477644444,135.3091058731079,0.0005514025688171387,523.97868061997,51.72009542584419,0.1408976912498474,523.8476140797138,144.17388129234314,0.9081860780715942,533.0993695259094,78.70254182815552,0.9141172170639038,521.6510050296783,59.814359322190285,0.9961516261100769,498.64614152908325,160.70770144462585,0.9997732043266296,478.5506765842438,105.3309531211853,0.9998883008956909,475.6522089242935,84.99324947595596,0.9979308843612671,453.545986533165,198.6734631061554,0.9999946355819702,432.6043529510498,161.77120232582092,0.9999985694885254,439.3904995918274,124.95506602525711,0.9999998807907104,431.936466217041,249.94220757484436,1.0,400.68374013900757,218.0982506275177,1.0,409.59291791915894,180.47490864992142,0.9999995231628418
11,535.2794120311737,390.63617992401123,0.0011017322540283203,516.3469480574131,255.28911066055298,1.0,544.8882412910461,219.86013697087765,0.005192011594772339,539.6641477644444,135.3091058731079,0.0006455779075622559,540.5223498940468,47.69837665557861,0.09194588661193848,515.4197888970375,146.63171792030334,0.998521625995636,519.6804986000061,85.45696830749512,0.9561203718185425,506.87680172920227,66.94932913780212,0.9999097585678101,495.52148628234863,162.74422705173492,1.0,478.5506765842438,105.3309531211853,0.9982160329818726,475.6522089242935,94.82897090911865,0.9996955394744873,450.128084897995,198.6734631061554,0.9999995827674866,430.491238117218,161.77120232582092,0.9999998807907104,439.3904995918274,133.53056931495667,0.9999724626541138,425.82249546051025,250.54571342468262,1.0,394.68492329120636,218.0982506275177,1.0,409.59291791915894,188.3406000137329,0.9999998211860657
12,535.2794120311737,394.7519955635071,0.26706886291503906,498.5342652797699,261.373002409935,1.0,542.5807631015778,207.19182133674622,0.0028746426105499268,533.69289290905,135.3091058731079,0.08008116483688354,523.97868061997,71.67796611785889,0.004064023494720459,513.7960007190704,148.4874405860901,1.0,519.6804986000061,115.04100281000137,0.9999988079071045,493.05785715579987,96.66322541236877,1.0,472.5639786720276,176.5246307849884,0.9999994039535522,426.10905408859253,117.78301811218262,0.9999997615814209,466.0050172805786,134.53939771652222,0.9999895691871643,434.57370698451996,213.59039163589478,0.9999971389770508,388.048133905977,172.5219533443451,1.0,429.66405618190765,178.69768345355988,0.9999347925186157,407.41127920150757,267.4669685959816,1.0,361.09284019470215,230.13218712806702,0.9999985694885254,403.98679557815194,219.22146701812744,0.9999972581863403
13,535.2794120311737,395.46853917837143,0.9999997615814209,477.5506772994995,274.3320018053055,1.0,537.9404866695404,207.19182133674622,0.005787909030914307,533.69289290905,135.3091058731079,0.000570446252822876,467.7529134750366,91.40356510877609,0.0016644597053527832,492.09957790374756,164.66750329732895,1.0,480.0383257865906,146.3905827999115,0.02074575424194336,473.1399121284485,147.03134393692017,1.0,435.0283011198044,199.1840114593506,1.0,388.34990349411964,142.73383355140686,1.0,436.2974919974804,182.79852557182312,1.0,414.45063972473145,230.55443263053894,1.0,353.7322688102722,200.53041315078735,1.0,410.6844267845154,223.4126100540161,1.0,379.2862270474434,293.5097770690918,1.0,333.66726863384247,254.905606508255,1.0,384.11120414733887,259.2677854895592,1.0
14,517.7741456031799,403.14451521635056,1.0,442.6220055818558,302.754346370697,0.9999997019767761,530.1822557449341,207.19182133674622,1.0,512.4542469978333,153.92290425300598,0.9999954700469971,456.47904443740845,95.34617853164673,0.9999887943267822,444.5140909552574,201.7726926803589,0.9807379245758057,387.65243354439735,154.68545746803284,0.9990143775939941,433.7706003189087,192.43137860298157,0.9944607019424438,415.8571617603302,238.22818899154663,0.9992831945419312,341.9078469276428,191.8574936389923,0.9999647736549377,412.25055783987045,226.42877769470215,0.9999110698699951,391.02842950820923,279.7469906806946,0.9985986948013306,313.7048714160919,251.98026132583618,1.0,388.42333856225014,273.34103417396545,0.9999999403953552,349.98550510406494,331.15935212373734,0.9999995827674866,303.0054624080658,306.26504611968994,1.0,364.4386682510376,306.4020062685013,0.9999999403953552
15,488.2789068222046,419.33246952295303,1.0,399.2661786079407,330.78562116622925,0.999996542930603,461.9216569662094,232.78593635559082,1.0,432.8323702812195,196.9547900557518,0.9999992847442627,378.25817024707794,157.4279088973999,0.9907701015472412,405.1280139684677,251.86113637685776,0.05808207392692566,333.87613224983215,198.22468852996826,0.9819262027740479,397.671355843544,244.0835901349783,1.0,384.63156270980835,283.5293066203594,0.4005371332168579,296.16219091415405,253.46348655223846,0.9999752044677734,378.73706817626953,278.9001910686493,1.0,367.87784719467163,324.42344000935555,0.9871937036514282,281.1489872932434,301.9923003911972,1.0,364.654048204422,317.11977434158325,1.0,322.87003445625305,375.89778900146484,0.9999992847442627,275.5298832952976,354.69294834136963,1.0,341.5342581272125,353.4282159805298,1.0
16,456.7170352935791,440.1112356185913,1.0,361.6182804107666,369.4153015613556,0.9999999403953552,401.41768169403076,275.72420930862427,1.0,358.8892240524292,245.7028125524521,1.0,303.8507878780365,222.04351830482483,1.0,367.79052090644836,299.99341760901734,0.003362119197845459,280.6587085723877,263.59581303596497,1.0,353.488169670105,295.6870307922363,1.0,323.30152982473373,304.78133058547974,0.05668675899505615,258.5186176300049,306.7115259170532,1.0,342.42644476890564,327.0547595024109,1.0,338.5493540763855,371.48640608787537,0.8665152788162231,251.7633695602417,352.23950242996216,1.0,335.15012884140015,364.08621311187744,1.0,299.1046270728111,419.763414144516,0.9999918341636658,252.7697030901909,400.6779398918152,1.0,315.7944613546133,398.0272319316864,1.0
17,423.08962416648865,465.539222240448,1.0,331.6841630935669,410.3652687072754,0.9999998807907104,357.74040734767914,314.2766737937927,1.0,315.8549385070801,288.80040216445923,1.0,257.52357387542725,268.5965700149536,1.0,326.2925295829773,344.1841142177582,3.287196159362793e-05,245.4538221359253,307.47582817077637,1.0,315.1718422174454,339.47134828567505,1.0,294.9528286457062,375.8164677619934,0.00047460198402404785,224.45534658432007,361.2723197937012,1.0,309.9152384996414,371.3790864944458,1.0,310.7959370613098,404.48790645599365,0.009702801704406738,223.86058855056763,404.6581840515137,1.0,307.6660614013672,407.29935908317566,1.0,279.89707612991333,463.95384454727173,0.9998557567596436,227.90567333996296,451.587206363678,1.0,290.60321140289307,439.48896384239197,1.0
18,398.15981817245483,487.90010714530945,1.0,304.91901874542236,447.9555187225342,1.0,322.8180239200592,356.254337310791,1.0,280.65398025512695,334.8480575084686,1.0,223.88422417640686,322.44724702835083,1.0,304.4262943267822,381.0458906888962,5.1587820053100586e-05,210.93987715244293,358.78291606903076,1.0,285.47504019737244,384.6672158241272,1.0,275.8719816207886,416.33342933654785,0.00021669268608093262,196.95199382305145,412.91986560821533,1.0,283.52747917175293,415.6226010322571,1.0,299.28447288274765,412.8895697593689,0.0009497106075286865,200.04121160507202,453.94066619873047,1.0,287.0763864517212,449.51343059539795,1.0,261.5760774612427,505.6732687950134,0.9574550986289978,209.9967131614685,496.45873498916626,1.0,272.3401622772217,480.5886769294739,1.0
19,374.8119659423828,511.1883454322815,1.0,284.5746421813965,483.3250784277916,1.0,291.1942955851555,398.69824028015137,1.0,248.46320629119873,380.9560077190399,1.0,198.1192421913147,378.2011151313782,1.0,279.9511709213257,404.8002996444702,0.0001665353775024414,183.6268322467804,411.0251202583313,1.0,259.9178616926074,422.3648533821106,1.0,275.8719816207886,455.6593699455261,2.0742416381835938e-05,177.564444065094,458.3423662185669,1.0,261.80947971343994,453.8086794614792,1.0,292.2612953186035,453.68662333488464,5.2541494369506836e-05,184.1789689064026,500.3826541900635,1.0,269.84394550323486,487.48923206329346,1.0,251.81484040617943,546.8548084497452,0.4316856265068054,196.52209794521332,539.7215719223022,1.0,258.2459383010864,518.455804347992,1.0
20,356.2042711675167,531.6807423532009,1.0,268.8172708749771,511.49445843696594,1.0,270.2024781703949,433.5197286605835,1.0,226.07876896858215,418.8727903366089,1.0,170.25074338912964,419.11870527267456,1.0,262.6081066131592,436.61514472961426,0.00011610984802246094,165.68162560462952,454.8059196472168,1.0,242.83638048171997,455.70499420166016,1.0,253.29918324947357,490.3925300836563,1.7881393432617188e-05,163.24233293533325,495.5430197715759,1.0,247.2858214378357,486.9726345539093,1.0,262.87549090385437,518.8405752182007,5.0574541091918945e-05,172.17797756195068,536.948733329773,1.0,256.79212045669556,516.7346296310425,1.0,242.7272927761078,574.4617714881897,0.0021166205406188965,186.16064548492432,573.2833989858627,1.0,249.14650344848633,550.2176141738892,1.0
21,343.80759501457214,550.0894541740417,1.0,262.3060564994812,531.2435418367386,1.0,255.8377640247345,455.1158492565155,1.0,215.0501265525818,441.75654697418213,1.0,155.32589983940125,445.77684593200684,1.0,248.94113039970398,454.8329038619995,7.268786430358887e-05,154.54865789413452,476.12078857421875,1.0,233.64585876464844,478.1971597671509,1.0,247.32917022705078,506.700146317482,4.9054622650146484e-05,153.90295791625977,516.5835046768188,1.0,239.3322148323059,508.80509185791016,1.0,257.40351390838623,537.0139102935791,9.772181510925293e-05,165.61677753925323,558.2435617446899,1.0,248.14861726760864,537.78990650177,1.0,233.47953152656555,592.0503008365631,0.003731638193130493,181.53924870491028,593.2726621627808,1.0,242.68927097320557,570.0390787124634,1.0
22,337.3952684402466,561.1998581886292,1.0,259.2828983068466,539.4012659192085,1.0,248.76964712142944,459.3877511024475,1.0,207.20603394508362,446.14930963516235,1.0,149.28272318840027,453.5623731613159,1.0,152.70620822906494,477.03204870224,0.00029915571212768555,147.48661756515503,477.200834274292,1.0,231.09425926208496,485.17055892944336,1.0,247.32917022705078,519.617374420166,0.00046581029891967773,149.66239619255066,522.8991694450378,1.0,236.27552491426468,515.8712511062622,1.0,255.91698360443115,546.6903820037842,0.00031572580337524414,162.09648990631104,563.7959713935852,1.0,245.85741436481476,542.0244007110596,1.0,232.22314262390137,597.1464737653732,0.0007076859474182129,177.77458143234253,598.9397995471954,1.0,238.88877391815186,577.5843806266785,1.0
23,337.3952684402466,561.1998581886292,1.0,259.2828983068466,539.4012659192085,1.0,248.76964712142944,459.3877511024475,1.0,207.20603394508362,446.14930963516235,1.0,149.28272318840027,453.5623731613159,1.0,152.32053565979004,477.03204870224,0.0019741058349609375,147.48661756515503,477.200834274292,1.0,231.09425926208496,485.17055892944336,1.0,247.73866438865662,519.617374420166,0.0021860599517822266,149.66239619255066,522.8991694450378,1.0,236.27552491426468,515.8712511062622,1.0,254.7273006439209,546.6903820037842,0.0004025697708129883,161.0585036277771,563.7959713935852,1.0,245.85741436481476,542.0244007110596,1.0,230.85269570350647,597.1464737653732,0.007330834865570068,177.40178108215332,598.9397995471954,1.0,238.88877391815186,577.5843806266785,1.0
24,337.3952684402466,561.1998581886292,1.0,259.2828983068466,539.4012659192085,1.0,248.76964712142944,459.3877511024475,1.0,207.20603394508362,446.14930963516235,1.0,149.28272318840027,453.5623731613159,1.0,151.92436623573303,477.03204870224,0.00010153651237487793,147.48661756515503,477.200834274292,1.0,231.09425926208496,485.17055892944336,1.0,247.73866438865662,519.617374420166,0.005573958158493042,149.66239619255066,522.8991694450378,1.0,236.27552491426468,515.8712511062622,1.0,254.7273006439209,546.6903820037842,0.0003727376461029053,161.0585036277771,563.7959713935852,1.0,245.85741436481476,542.0244007110596,1.0,230.85269570350647,597.1464737653732,0.0018445253372192383,177.3722472190857,598.9397995471954,1.0,238.88877391815186,577.5843806266785,1.0
25,338.5878814458847,555.9916550265625,1.0,262.29404520988464,533.9072971343994,1.0,253.83159732818604,453.2915471792221,1.0,212.51069581508636,439.41932225227356,1.0,151.75410747528076,446.3917484283447,1.0,152.32053565979004,471.4301357269287,0.00018787384033203125,148.36227971315384,471.46642780303955,1.0,233.91193532943726,478.3748109340668,1.0,253.0488362312317,507.93323215842247,0.00022849440574645996,149.8213722705841,515.7901592254639,1.0,238.80383276939392,510.7127320766449,1.0,254.7273006439209,539.0763628482819,0.0003064870834350586,161.0585036277771,557.6112251281738,1.0,247.05131697654724,536.9452767372131,1.0,233.47953152656555,593.0595424175262,0.0006715357303619385,176.97461915016174,593.0546021461487,1.0,240.73489713668823,571.6294350624084,1.0
26,341.3483420610428,551.0368409156799,1.0,264.6709942817688,529.4100279808044,1.0,257.015398979187,448.37583112716675,1.0,213.5098203420639,433.3935708999634,1.0,153.40295553207397,440.9677381515503,1.0,152.70620822906494,465.88083934783936,0.00018915534019470215,150.05987930297852,464.4178719520569,1.0,237.2908525466919,473.0123481750488,1.0,255.9879767894745,505.49609661102295,0.0008784830570220947,150.51184129714966,510.668972492218,1.0,242.20522832870483,505.05670404434204,1.0,258.3975787162781,533.4868214130402,0.0003241896629333496,161.47305631637573,552.3678112030029,1.0,249.79724836349487,532.8853645324707,1.0,238.51643085479736,587.733619004488,0.001681983470916748,177.05274772644043,588.3915951251984,1.0,242.67406558990479,567.8359458446503,1.0
27,343.1305365562439,549.8043905496597,1.0,265.96240043640137,527.6682634353638,1.0,260.0504446029663,444.89372515678406,1.0,217.64056825637817,431.22110319137573,1.0,156.43250599503517,438.2034683227539,1.0,154.4425458908081,462.23900842666626,0.0002638399600982666,151.40086126327515,461.9168815612793,1.0,238.7634630203247,471.15409231185913,1.0,257.7660822868347,503.62054777145386,0.0021767616271972656,152.05088233947754,509.49564361572266,1.0,243.35297632217407,502.5173342227936,1.0,258.8794574737549,531.8252487629652,0.0007972121238708496,162.29856622219086,550.4883441925049,1.0,250.93902826309204,530.2354202270508,1.0,238.92748165130615,585.5549931526184,0.009793221950531006,176.89020109176636,584.766773223877,1.0,243.70742511749268,565.6746383905411,1.0
28,343.58468651771545,549.8043905496597,1.0,267.286378800869,527.6682634353638,1.0,260.4447383880615,444.89372515678406,1.0,217.64056825637817,430.71690106391907,1.0,156.43250599503517,438.2034683227539,1.0,154.4425458908081,462.23900842666626,0.00027367472648620605,151.40086126327515,461.0559730529785,1.0,238.7634630203247,471.1375136375427,1.0,257.7660822868347,503.62054777145386,0.003228485584259033,152.05088233947754,509.49564361572266,1.0,243.35297632217407,502.5173342227936,1.0,258.8794574737549,531.8252487629652,0.001075059175491333,162.29856622219086,550.3458127975464,1.0,250.93902826309204,530.2354202270508,1.0,238.92748165130615,585.2750117778778,0.004593312740325928,176.89020109176636,584.766773223877,1.0,243.70742511749268,565.6746383905411,1.0
29,343.58468651771545,549.8043905496597,1.0,267.286378800869,527.6682634353638,1.0,260.5975856781006,444.89372515678406,1.0,217.64056825637817,430.41924476623535,1.0,156.43250599503517,438.2034683227539,1.0,154.4425458908081,462.23900842666626,0.00022390484809875488,151.40086126327515,461.0559730529785,1.0,238.7634630203247,471.1375136375427,1.0,257.7660822868347,503.62054777145386,0.0034038126468658447,152.05088233947754,509.49564361572266,1.0,243.35297632217407,502.5173342227936,1.0,258.3975787162781,531.8252487629652,0.0009957849979400635,162.29856622219086,550.3458127975464,1.0,250.93902826309204,530.2354202270508,1.0,238.6550006866455,585.2750117778778,0.005045950412750244,176.85785627365112,584.766773223877,1.0,243.70742511749268,565.6746383905411,1.0
30,343.58468651771545,550.6061451435089,1.0,267.286378800869,528.2465028762817,1.0,261.2034298181534,445.4364321231842,1.0,217.51983880996704,430.1478054523468,1.0,155.96449851989746,437.9902534484863,1.0,152.76198768615723,463.1803779602051,0.00023853778839111328,151.3386299610138,460.9532718658447,1.0,238.48781633377075,471.1375136375427,1.0,257.1250343322754,503.6252303123474,0.015100955963134766,151.39999556541443,509.8206593990326,1.0,242.70349168777466,502.63287568092346,1.0,256.710608959198,532.2916795611382,0.004242122173309326,160.5257158279419,550.1998071670532,1.0,249.3813123703003,530.3219437599182,1.0,238.6550006866455,585.2277195453644,0.010627835988998413,176.124183177948,584.3280930519104,1.0,242.6315188407898,565.6820859909058,1.0
31,343.58468651771545,550.6061451435089,1.0,266.80139911174774,528.2465028762817,1.0,261.25210428237915,445.4364321231842,1.0,217.51983880996704,429.4895986318588,1.0,155.96449851989746,437.9902534484863,1.0,152.76198768615723,463.1803779602051,0.00020825862884521484,151.3386299610138,460.78259563446045,1.0,238.48781633377075,471.1375136375427,1.0,257.1250343322754,503.6252303123474,0.019004762172698975,150.90305972099304,509.8206593990326,1.0,242.70349168777466,502.63287568092346,1.0,256.710608959198,532.2916795611382,0.002136051654815674,160.5257158279419,550.1998071670532,1.0,249.3813123703003,530.3219437599182,1.0,237.67624616622925,585.2277195453644,0.009376287460327148,176.124183177948,584.3280930519104,1.0,242.6315188407898,565.6820859909058,1.0
32,343.58468651771545,550.6061451435089,1.0,266.80139911174774,528.2465028762817,1.0,261.84285604953766,445.4364321231842,1.0,217.51983880996704,428.85734045505524,1.0,155.96449851989746,437.9820194244385,1.0,152.76198768615723,463.6113615036011,0.00017049908638000488,151.3386299610138,459.8535795211792,1.0,238.48781633377075,471.0998024940491,1.0,257.1250343322754,503.6252303123474,0.017425507307052612,150.90305972099304,509.8206593990326,1.0,242.70349168777466,502.63287568092346,1.0,256.710608959198,532.2916795611382,0.004084855318069458,160.5257158279419,550.0174932479858,1.0,249.3813123703003,530.3219437599182,1.0,237.67624616622925,585.0495607852936,0.0013001859188079834,176.124183177948,584.1998481750488,1.0,242.6315188407898,565.6820859909058,1.0
33,345.26214504241943,546.3456393480301,1.0,266.80139911174774,523.7182211577892,1.0,263.52761697769165,442.0959668159485,1.0,221.6363903284073,423.7980625629425,1.0,157.73832321166992,432.6971311569214,1.0,156.07131099700928,464.2479450702667,6.452202796936035e-05,153.4236946105957,457.1357412338257,1.0,240.09754133224487,466.25989532470703,1.0,258.1555542945862,504.12770986557007,0.0006606578826904297,150.90305972099304,502.73957777023315,1.0,244.26112213730812,499.21017026901245,1.0,258.0838475227356,530.3090269565582,0.0007994174957275391,161.1631727218628,544.3545608520508,1.0,250.55277156829834,526.6434862613678,1.0,237.67624616622925,579.4825255274773,0.0012080669403076172,177.80681085586548,579.0597366690636,1.0,243.68940496444702,560.4798111915588,1.0
34,351.1567339897156,538.6027178764343,1.0,269.77697145938873,510.3656311035156,1.0,272.0828175544739,430.62054920196533,1.0,240.29225420951843,413.84272480010986,1.0,168.70965909957886,417.8301339149475,1.0,280.79971861839294,463.1803779602051,4.106760025024414e-05,161.1373519897461,441.8656578063965,1.0,246.9148120880127,453.6037187576294,1.0,260.45882377028465,500.7062826156616,0.00010818243026733398,155.6019058227539,482.42102432250977,1.0,250.26437091827393,485.71821904182434,1.0,263.1893033981323,517.3825409412384,0.00020837783813476562,163.94396591186523,528.0954160690308,1.0,255.53086876869202,515.1939854621887,1.0,241.29482245445251,567.114196062088,0.01015472412109375,180.5056505203247,565.9135780334473,1.0,248.45441579818726,547.7237200737,1.0
35,363.51438453793526,523.0920603871346,1.0,279.4563858509064,488.17648458480835,1.0,287.0106027126312,408.674542427063,1.0,249.75612926483154,388.183190330863,1.0,190.39465808868408,382.9318776130676,1.0,294.51299834251404,458.27732706069946,1.6391277313232422e-05,175.21212148666382,411.73598861694336,1.0,261.0394170284271,430.28644275665283,1.0,262.70731258392334,488.5361707210541,3.108382225036621e-05,165.15279030799866,454.6648054122925,1.0,259.5952730178833,462.541033744812,1.0,273.3704934120178,494.1525790691376,3.927946090698242e-05,170.35283136367798,497.89581203460693,1.0,266.12181282043457,492.795841217041,1.0,247.40936040878296,545.3127293586731,0.0002779662609100342,184.62150478363037,538.4094839096069,1.0,253.787504196167,525.4010934829712,1.0
36,380.1473087668419,503.71064472198486,1.0,295.17855405807495,459.6475167274475,1.0,311.0505952835083,374.7635474205017,1.0,277.2113553285599,353.1833610534668,1.0,214.2931625843048,338.9030342102051,1.0,294.51299834251404,395.0197284221649,8.678436279296875e-05,194.17317914962769,368.460898399353,1.0,279.64474725723267,397.5773639678955,1.0,290.53296756744385,428.2573164701462,0.00027313828468322754,182.30607318878174,408.3350305557251,1.0,277.7226905822754,427.8283624649048,1.0,287.9461078643799,463.6628770828247,9.563565254211426e-05,184.68726444244385,454.20003867149353,1.0,281.19448375701904,461.36538314819336,1.0,258.50954020023346,510.8825373649597,0.001979231834411621,192.02275800704956,497.59461975097656,1.0,264.2008876800537,489.1229314804077,1.0
37,399.3169093132019,485.51749312877655,1.0,316.76677614450455,423.03975462913513,1.0,343.2321984767914,338.80494832992554,1.0,312.7398958206177,313.6147165298462,1.0,245.02877414226532,289.69566440582275,1.0,294.51299834251404,361.7258343696594,0.0001239478588104248,223.57212233543396,320.20938062667847,1.0,309.9776060581207,358.8802468776703,1.0,318.96710324287415,395.3521606326103,6.490945816040039e-05,209.0571150779724,359.40985083580017,1.0,304.1369504928589,391.04144620895386,1.0,306.21154832839966,429.00796246528625,0.00042298436164855957,198.55895137786865,405.8792953491211,1.0,304.0594263076782,423.348664522171,1.0,267.74796840548515,471.07540798187256,0.0010759234428405762,203.99363709334284,451.7102212905884,1.0,279.42187571525574,453.59164822101593,1.0
38,421.26660108566284,467.0719782114029,1.0,341.9608987569809,391.7532465457916,1.0,384.40466690063477,304.24307107925415,1.0,356.21131862699986,276.6657657623291,1.0,286.1337592601776,242.92870378494263,1.0,323.7322916984558,294.0554721355438,0.00020009279251098633,259.7275739312172,267.9535598754883,1.0,347.331196308136,322.3660969734192,1.0,349.15129363536835,362.6174980401993,8.666515350341797e-05,237.74577581882477,314.83729362487793,0.9999997615814209,335.1919994354248,354.8356647491455,1.0,324.77580738067627,396.34488728642464,0.00046113133430480957,223.0795931816101,357.1046552658081,1.0,328.745192527771,388.8774524331093,1.0,292.7528468966484,470.9759783744812,6.756186485290527e-05,219.78924784064293,403.7393627166748,1.0,298.5728498697281,414.07112979888916,1.0
39,443.5408982336521,447.52267503738403,1.0,374.50650238990784,362.2134280204773,1.0,425.47468304634094,272.3568353652954,1.0,404.2967970967293,242.54427134990692,1.0,331.5804395675659,201.12644863128662,1.0,400.01977825164795,261.94707775115967,0.00035700201988220215,307.9880354516208,218.39406299591064,1.0,388.1324647963047,288.7248282432556,1.0,349.15129363536835,330.1638444662094,0.00028651952743530273,273.19609117507935,258.2417755126953,1.0,367.29807901382446,322.61789894104004,1.0,358.59695839881897,361.08158111572266,0.0008150637149810791,252.05214309692383,307.9916153829545,1.0,358.8393626213074,355.38641929626465,1.0,314.38111782073975,385.8745632171631,0.0069883763790130615,242.11004638671875,357.17193269729614,1.0,321.54394364356995,377.31872034072876,1.0
40,465.81656193733215,431.06040120124817,1.0,405.5384529829025,339.633358001709,1.0,462.15014004707336,248.0713062286377,1.0,447.8139650821686,214.45666408538818,1.0,376.04404306411743,167.19996643066406,1.0,409.5082178115845,224.4036087989807,0.0025614798069000244,351.2431697845459,179.53160190582275,1.0,424.0203242301941,261.5105471611023,1.0,374.1594247817993,300.4487927556038,0.000224381685256958,308.29088667035103,220.06939315795898,1.0,399.9164562225342,293.4978815317154,1.0,387.54066494107246,334.4541263580322,0.002053976058959961,281.7904567718506,265.3865575790405,1.0,388.09583377838135,328.6950125694275,1.0,330.6305137872696,357.27769446372986,0.011583089828491211,265.1425542831421,319.6426935195923,1.0,346.46832847595215,346.17139649391174,1.0
41,484.18925385177135,417.97215819358826,1.0,430.06836771965027,321.9251320362091,1.0,489.79310417175293,236.59008300304413,1.0,478.70783257484436,195.73143443465233,1.0,410.52653074264526,144.10068607330322,1.0,415.23112392425537,209.59661054611206,0.0005122125148773193,379.8690834492445,156.30887031555176,1.0,452.49494457244873,244.50818800926208,1.0,374.1594247817993,275.27836179733276,6.866455078125e-05,332.0147923110053,196.0632839202881,1.0,424.0370149612427,276.6617736816406,1.0,387.54066494107246,319.0140187740326,0.0013798773288726807,302.6729416847229,242.62620782852173,1.0,410.53408193588257,311.8189105987549,1.0,330.6305137872696,338.49225533008575,0.004940152168273926,284.5695629119873,293.070996761322,1.0,365.67390739917755,328.4500856399536,1.0
42,497.90727376937866,411.40075516700745,1.0,447.80478835105896,312.96298694610596,1.0,512.7126755714417,230.7449209690094,1.0,502.91194772720337,185.24821710586548,1.0,432.9667532444,132.25486087799072,1.0,415.7355799674988,144.62165784835815,0.0005624592304229736,400.08949184417725,142.07108449935913,1.0,471.5464491844177,233.98814964294434,1.0,368.955771446228,197.33350610733032,0.00028073787689208984,351.6745858192444,181.40156936645508,1.0,443.6908178329468,265.6240725517273,1.0,387.54066494107246,308.9637233018875,0.0007358193397521973,318.35458540916443,227.04861307144165,1.0,427.82482147216797,302.3687207698822,1.0,344.2702896595001,325.8826752901077,0.0028861165046691895,298.9502091407776,276.98287469148636,1.0,381.7366464138031,315.3058244585991,1.0
43,497.90727376937866,411.40075516700745,1.0,448.3778386116028,312.96298694610596,1.0,518.0349051952362,230.7449209690094,1.0,512.5540237426758,185.24821710586548,1.0,438.9070043563843,132.25486087799072,1.0,415.23112392425537,144.62165784835815,0.019451677799224854,402.6277930736542,142.07108449935913,1.0,472.3893790245056,233.98814964294434,1.0,368.955771446228,197.33350610733032,0.042592912912368774,354.09959840774536,181.40156936645508,1.0,446.37713527679443,265.6240725517273,1.0,415.29593443870544,308.9637233018875,0.023010343313217163,318.35458540916443,227.04861307144165,1.0,429.33860290050507,302.3687207698822,1.0,344.2702896595001,325.8826752901077,0.7962932586669922,299.2627148628235,276.98287469148636,1.0,381.7366464138031,315.3058244585991,1.0
44,497.90727376937866,411.40075516700745,1.0,448.3778386116028,312.96298694610596,1.0,518.0349051952362,230.7449209690094,1.0,512.5540237426758,185.24821710586548,1.0,438.9070043563843,132.25486087799072,1.0,415.23112392425537,144.62165784835815,0.006622254848480225,402.6277930736542,142.07108449935913,1.0,472.3893790245056,233.98814964294434,1.0,435.0956301689148,275.27836179733276,0.02229282259941101,354.09959840774536,181.40156936645508,1.0,446.37713527679443,265.6240725517273,1.0,417.5857262611389,308.9637233018875,0.009197860956192017,318.35458540916443,227.04861307144165,1.0,429.33860290050507,302.3687207698822,1.0,344.2702896595001,325.8826752901077,0.6660780906677246,299.2627148628235,276.98287469148636,1.0,381.7366464138031,315.3058244585991,1.0
45,492.3047143816948,415.28969144821167,0.9999998807907104,448.3778386116028,316.4985953569412,1.0,518.0349051952362,236.098895072937,1.0,512.5540237426758,188.8839979171753,1.0,438.9070043563843,138.2211718559265,1.0,415.7355799674988,149.8960485458374,0.0013172328472137451,402.6277930736542,148.1778745651245,1.0,472.3893790245056,239.31210088729858,1.0,417.95022439956665,277.1261657476425,0.0010560154914855957,354.09959840774536,185.29134893417358,1.0,446.37713527679443,270.36212491989136,1.0,400.37118649482727,311.03308272361755,0.0006950199604034424,317.64678263664246,232.5566005706787,1.0,429.33860290050507,304.98633432388306,1.0,339.7478178739548,327.21439123153687,0.005651593208312988,299.2627148628235,278.4766092300415,1.0,381.7016395330429,318.1209692955017,1.0
46,480.46479845046997,423.48938274383545,1.0,434.3770914077759,327.4914004802704,1.0,501.68282437324524,243.1348855495453,1.0,493.61338460445404,201.10072469711304,1.0,423.10143971443176,153.5990924835205,1.0,433.10499906539917,253.32982730865479,0.0016787052154541016,388.389920681715,162.70852851867676,1.0,457.7881021499634,250.15633535385132,1.0,417.95022439956665,291.2851451635361,0.0001468062400817871,341.28218936920166,200.0503330230713,1.0,432.07637548446655,281.17793321609497,1.0,400.37118649482727,322.5321931838989,0.0006257295608520508,306.2687945365906,246.73617720603943,1.0,415.04212641716003,316.5311413407326,1.0,331.09465432167053,340.2136193960905,0.0014104247093200684,286.82559180259705,292.6739018559456,1.0,368.25792145729065,329.8194603919983,1.0
47,465.2962017059326,435.1305801868439,1.0,415.9915544986725,343.7036979198456,1.0,478.6607918739319,255.78148794174194,1.0,471.72381806373596,216.67853164672852,1.0,403.05971825122833,174.71314978599548,1.0,433.10499906539917,254.53796553611755,0.004104793071746826,368.9682779312134,184.2582311630249,1.0,438.3349587917328,266.2758860588074,1.0,417.95022439956665,306.97440338134766,0.00021097064018249512,321.92788076400757,222.93925976753235,1.0,413.03678929805756,297.85170698165894,1.0,400.37118649482727,339.0603033900261,0.0007905960083007812,291.32833486795425,265.81837368011475,1.0,397.09664475917816,333.3647962808609,1.0,313.7750470638275,356.3578462600708,0.001538693904876709,271.4488933086395,313.2241806983948,1.0,352.46104860305786,346.9486366510391,1.0
48,446.74340653419495,450.66825115680695,1.0,392.18106412887573,364.9248279929161,1.0,451.724729180336,265.4605894088745,0.9999995231628418,439.89521074295044,239.59797310829163,1.0,371.0853978395462,200.61298274993896,1.0,433.10499906539917,261.8004570007324,0.0008604824542999268,339.1415449976921,214.43453001976013,1.0,412.15324208140373,289.65899324417114,1.0,391.21401166915894,329.8624806404114,0.00012636184692382812,296.1477451324463,253.85799646377563,1.0,387.1892788410187,321.53853702545166,1.0,379.3291594386101,350.63647842407227,0.0011541545391082764,270.49246287345886,294.2910099029541,1.0,374.83195996284485,355.4773569703102,1.0,296.35874938964844,384.7804706096649,0.008118808269500732,251.26189523935318,343.98168897628784,1.0,330.86173236370087,371.1897115111351,1.0
49,426.61577546596527,469.2204313278198,1.0,358.5626313686371,391.2734491825104,1.0,410.99469232559204,294.62933444976807,1.0,389.91818284988403,273.54512882232666,1.0,312.66182374954224,243.70030188560486,1.0,298.767573595047,269.44945871829987,0.0031243562698364258,286.9526991844177,263.5250828266144,1.0,373.664533495903,320.6046257019043,1.0,365.25310146808624,361.71443796157837,0.0004932582378387451,260.24900341033936,302.6151828765869,1.0,353.8358817100525,355.30111169815063,1.0,308.2698895037174,361.19828605651855,0.0006795823574066162,236.94863659143448,346.00615549087524,1.0,343.9713728427887,387.47432231903076,1.0,272.09261417388916,419.3352451324463,0.0002720654010772705,224.70319938659668,397.5832850933075,1.0,304.74554657936096,408.30380296707153,1.0
50,401.02760767936707,492.3042705953121,1.0,324.15456761419773,429.58430230617523,1.0,355.8707395941019,337.1782841682434,1.0,324.48505851626396,313.0509424209595,1.0,263.5534791946411,297.27464485168457,1.0,249.19136953353882,312.33405780792236,0.0007264018058776855,230.04063415527344,335.392972946167,1.0,321.5846667289734,364.9163621664047,1.0,323.2230463027954,396.151709780097,0.001108407974243164,213.28780317306519,369.5563397407532,1.0,310.1574077606201,396.32139015197754,1.0,286.74350690841675,433.9666817188263,0.0003033280372619629,204.3960575759411,411.64190340042114,1.0,310.02623891830444,429.06421196460724,1.0,263.4329032897949,477.853919506073,0.0011672377586364746,199.47394514083862,462.1495592594147,1.0,277.73697876930237,461.6458181142807,1.0
51,375.91216254234314,514.2483731508255,1.0,296.43178701400757,474.2792925834656,1.0,306.5113437175751,386.6797032356262,1.0,274.0777164697647,365.49700450897217,1.0,223.5171194076538,364.67249965667725,1.0,201.41923213005066,385.3377637863159,0.00016239285469055176,187.57224661111832,397.4812879562378,1.0,277.29321002960205,416.82145071029663,1.0,289.0772433280945,431.2817122936249,0.0009050965309143066,179.92019128799438,433.15049934387207,1.0,273.6389846801758,440.3969831466675,1.0,267.6076529920101,480.42329931259155,0.0007064938545227051,179.35001450777054,476.4486780166626,1.0,280.9365711212158,476.1650743484497,1.0,248.5086236000061,531.8721662014723,0.01823154091835022,186.27050352096558,527.8287200927734,1.0,256.5485382080078,515.9127271324396,1.0
52,352.91686964035034,543.4003064632416,1.0,273.35005283355713,520.7978277206421,1.0,267.82593393325806,441.6490020751953,1.0,235.8483099937439,423.67632508277893,1.0,178.51300144195557,436.68395042419434,1.0,168.04321312904358,452.63151264190674,0.00047785043716430664,160.99875736236572,460.4334964752197,1.0,248.48325300216675,463.0688602924347,1.0,258.08991861343384,434.24269342422485,0.0004716813564300537,155.91502809524536,503.26288890838623,1.0,252.2678759098053,491.87867736816406,1.0,267.6076529920101,502.17947006225586,0.00015690922737121582,164.8411939740181,542.9259967803955,1.0,263.91371393203735,521.1941566467285,1.0,248.40385794639587,571.621169090271,5.081295967102051e-05,181.63137698173523,582.0061130523682,1.0,251.09990406036377,555.1204309463501,1.0
53,332.0101988436654,575.2303471565247,1.0,260.77541095018387,552.8438801765442,1.0,244.30609276890755,477.04618549346924,1.0,213.38578951358795,465.35206747055054,1.0,144.70299291610718,483.92670249938965,1.0,151.82528114318848,509.5765427350998,0.0002734661102294922,145.96749782562256,506.3046131134033,1.0,233.51417350769043,499.0538549423218,1.0,246.03004932403564,533.7485918998718,3.2395124435424805e-05,144.38787651062012,540.8923835754395,1.0,239.41940760612488,525.9486147165298,1.0,254.62202620506287,530.8732824325562,5.5909156799316406e-05,157.96382427215576,582.7402346134186,1.0,252.74536848068237,554.2354402542114,1.0,233.37300062179565,610.930447101593,0.00015860795974731445,177.237446308136,619.3744740486145,1.0,243.93523248285055,587.0936360359192,1.0
54,320.01593351364136,592.3840312957764,1.0,251.75095653533936,571.8549997806549,1.0,230.34215235710144,498.3327226638794,1.0,198.11984777450562,486.8591060638428,1.0,133.3539752960205,505.67032289505005,1.0,134.98897409439087,528.7713460922241,0.003133237361907959,134.00914978981018,526.4091074466705,1.0,222.7769775390625,519.4407260417938,1.0,243.20111799240112,550.2912302017212,9.59634780883789e-05,137.16894626617432,563.4801511764526,1.0,231.3065526485443,546.6708903312683,1.0,253.0487678050995,579.0766458511353,1.9341707229614258e-05,151.8021445274353,605.876049041748,1.0,245.3957427740097,575.9737756252289,1.0,230.93442130088806,629.2079540491104,0.0012111365795135498,171.85163927078247,639.5721435546875,1.0,235.6769799888134,607.6335964202881,1.0
55,315.5531269609928,601.2766509056091,1.0,249.71449518203735,573.446328163147,1.0,227.87117624282837,503.4072744846344,1.0,189.34222304821014,490.7861285209656,1.0,130.43044471740723,507.9239139556885,1.0,133.6667023897171,529.9924669265747,0.029909640550613403,132.5718355178833,527.4621214866638,1.0,219.17407894134521,525.7272310256958,1.0,243.20111799240112,564.422176361084,3.129243850708008e-05,134.71233463287354,566.5705552101135,1.0,229.23087513446808,553.7165699005127,1.0,252.20972995460033,585.299964427948,1.8656253814697266e-05,148.32290077209473,610.2663731575012,1.0,240.67840051651,580.9666527509689,1.0,228.84123235940933,633.5935525894165,0.0007948577404022217,169.22242832183838,642.569920539856,1.0,231.0875256061554,613.9911373853683,1.0
56,315.5531269609928,601.2766509056091,1.0,249.71449518203735,573.446328163147,1.0,227.87117624282837,503.4072744846344,1.0,189.34222304821014,490.7861285209656,1.0,130.43044471740723,507.9239139556885,1.0,133.6667023897171,529.9924669265747,0.006735444068908691,132.5718355178833,527.4621214866638,1.0,219.17407894134521,525.7272310256958,1.0,243.13194012641907,564.422176361084,5.2481889724731445e-05,134.71233463287354,566.5705552101135,1.0,229.23087513446808,553.7165699005127,1.0,235.04067087173462,585.299964427948,2.0444393157958984e-05,148.32290077209473,610.2663731575012,1.0,240.67840051651,580.9666527509689,1.0,228.84123235940933,633.5935525894165,0.0018822252750396729,169.22242832183838,642.569920539856,1.0,231.0875256061554,613.9911373853683,1.0
57,315.5531269609928,601.2766509056091,1.0,249.71449518203735,573.446328163147,1.0,227.87117624282837,503.4072744846344,1.0,189.34222304821014,490.7861285209656,1.0,130.43044471740723,507.9239139556885,1.0,133.6667023897171,529.9924669265747,0.000673830509185791,132.5718355178833,527.4621214866638,1.0,219.17407894134521,525.7272310256958,1.0,243.13194012641907,564.422176361084,1.2367963790893555e-05,134.71233463287354,566.5705552101135,1.0,229.23087513446808,553.7165699005127,1.0,252.20972995460033,585.299964427948,1.0639429092407227e-05,148.32290077209473,610.2663731575012,1.0,240.67840051651,580.9666527509689,1.0,228.84123235940933,633.5935525894165,0.0002741217613220215,169.22242832183838,642.569920539856,1.0,231.0875256061554,613.9911373853683,1.0
58,319.59610414505005,593.5619158744812,1.0,251.58394348621368,567.4285094738007,1.0,234.5245237350464,497.0556125640869,1.0,196.35574108362198,483.4416694641113,1.0,135.94203972816467,499.4769034385681,1.0,139.86373043060303,519.9701504707336,8.416175842285156e-05,136.03243827819824,518.9745213985443,1.0,224.20826816558838,517.6803778409958,1.0,243.13194012641907,549.6368384361267,7.095932960510254e-05,138.1201649904251,557.151650428772,1.0,232.85192584991455,545.5420670509338,1.0,252.20972995460033,568.3696734905243,8.225440979003906e-06,150.0732684135437,602.9928297996521,1.0,244.37345123291016,573.9577063322067,1.0,229.63867557048798,627.3918089866638,0.0006018280982971191,171.33703541755676,635.3089880943298,1.0,233.22962093353271,607.756433725357,1.0
59,323.9337217658758,590.7414834499359,1.0,255.88478350639343,563.2089291810989,1.0,241.24651193618774,492.7946939468384,1.0,204.81077480316162,476.5399055480957,1.0,141.15263319015503,493.4105930328369,1.0,143.35082054138184,513.8595066070557,4.100799560546875e-05,140.48146724700928,512.4594941139221,1.0,229.08932650089264,513.124668598175,1.0,253.4288980960846,549.0738291740417,8.502602577209473e-05,142.15514206886292,553.5443940162659,1.0,237.22978174686432,541.3375692367554,1.0,252.25829192996025,568.3696734905243,1.8388032913208008e-05,153.4805772304535,597.2500686645508,1.0,247.00490283966064,569.3411211967468,1.0,230.0755910873413,624.9486162662506,0.001054316759109497,172.07141876220703,629.1962257623672,1.0,236.181476816535,602.884868144989,1.0
60,327.1842987537384,590.7414834499359,1.0,260.4736578166485,563.0316758155823,1.0,247.76885151863098,487.7710335254669,1.0,213.9044497013092,472.42192482948303,0.9999997019767761,145.12992000579834,489.3515820503235,1.0,149.1741943359375,508.024597292766,0.0014675259590148926,143.9921531677246,507.4898753166199,1.0,232.619215965271,510.4620990753174,1.0,256.07399702072144,549.0738291740417,0.00010070204734802246,144.45774841308594,553.5443940162659,1.0,240.22454977035522,540.4377670288086,1.0,252.42247343063354,568.3696734905243,3.9905309677124023e-05,155.5707082748413,593.7826557159424,1.0,248.99859762191772,566.9788098335266,1.0,230.10136127471924,623.6640515327454,0.005443781614303589,173.299898147583,627.3084753155708,1.0,238.636399269104,602.3948774337769,1.0
61,327.95836544036865,590.486405134201,1.0,262.3021993637085,562.770103931427,1.0,249.57856035232544,487.6925768852234,1.0,215.26450276374817,472.3423881530762,0.9999997019767761,146.7005066871643,488.9331922531128,1.0,149.1741943359375,507.48946273326874,0.0019107162952423096,145.99165034294128,507.4539532661438,1.0,234.62750482559204,509.94417095184326,1.0,256.07399702072144,549.0129837989807,5.334615707397461e-05,146.2760214805603,552.934850692749,1.0,241.7773461341858,539.7794976234436,1.0,252.56297731399536,593.8075742721558,3.057718276977539e-05,156.7720856666565,593.6973056793213,1.0,250.933349609375,566.6813571453094,1.0,238.99905681610107,620.6900610327721,0.003133445978164673,175.0763156414032,626.6250622272491,1.0,240.12097644805908,602.1218576431274,1.0
62,327.970906496048,589.9546393156052,1.0,262.4319841861725,562.2791247367859,1.0,249.71328687667847,487.3763053417206,1.0,215.67401957511902,472.05241680145264,0.9999982714653015,146.7153868675232,488.8688449859619,1.0,150.78132462501526,507.48946273326874,0.004678666591644287,146.17767369747162,507.134229183197,1.0,234.6856414079666,509.8238277435303,1.0,257.3647608757019,548.8582191467285,7.578730583190918e-05,146.4725456237793,552.7566471099854,1.0,241.92226123809814,539.0706748962402,1.0,252.56297731399536,593.8075742721558,3.165006637573242e-05,156.99945628643036,593.105073928833,1.0,251.22486209869385,566.4458734989166,1.0,239.0354027748108,620.62002825737,0.002991914749145508,175.5222327709198,626.1796046495438,1.0,240.46362161636353,602.048535823822,1.0
63,328.33446407318115,589.7594127655029,1.0,262.64814591407776,561.0805492401123,1.0,249.99025440216064,486.23913526535034,1.0,219.59466996788979,470.5119426250458,0.9999997615814209,147.05166107416153,487.23082542419434,1.0,150.85497117042542,507.14983081817627,0.0005228817462921143,146.32148456573486,505.3866877555847,1.0,234.81874907016754,509.00149631500244,1.0,257.57832622528076,548.7137885093689,2.8073787689208984e-05,146.49780988693237,549.9651874303818,1.0,242.13539397716522,537.927640914917,1.0,252.56297731399536,593.8075742721558,3.4481287002563477e-05,157.44927275180817,590.8132309913635,1.0,251.85185527801514,564.7448915243149,1.0,239.41917610168457,618.9921889305115,0.0007972121238708496,175.52583742141724,624.3386859893799,1.0,240.70520162582397,599.7888932228088,1.0
64,331.5298048853874,584.0525026321411,1.0,263.2147500514984,553.9303030967712,1.0,250.52779722213745,479.64105439186096,1.0,226.04711198806763,463.1584007740021,1.0,152.8986735343933,475.88485288619995,1.0,187.7495436668396,506.99332904815674,2.2411346435546875e-05,152.35488367080688,499.6064977645874,1.0,238.3237681388855,499.1221914291382,1.0,257.57832622528076,548.2249314188957,3.889203071594238e-05,148.42395076155663,534.0586442947388,1.0,244.90236377716064,528.2321858406067,1.0,267.5814878940582,555.9824977442622,1.0758638381958008e-05,160.42792510986328,577.8295502662659,1.0,255.3726782798767,557.4135837554932,1.0,239.80052757263184,611.7963272035122,0.0012028813362121582,177.06662225723267,614.0044550895691,1.0,243.66283464431763,590.5578560829163,1.0
65,340.99684339761734,570.4881558418274,1.0,269.4455534219742,535.1829409599304,1.0,262.5288577079773,457.9249749183655,1.0,236.6525411605835,439.85413694381714,1.0,170.1770052909851,448.3201861381531,1.0,218.54253244400024,473.96878838539124,2.676248550415039e-05,162.12853372097015,469.4354429244995,1.0,246.8559341430664,477.2459955215454,1.0,268.0427050665021,517.984799861908,2.3871660232543945e-05,155.29857110977173,508.39441299438477,1.0,250.98515224456787,508.6074552536011,1.0,269.50535821914673,508.79524725675583,1.817941665649414e-05,164.44813737273216,550.0176668167114,1.0,261.1648803949356,538.0567917823792,1.0,247.69334650039673,563.4296117424965,3.516674041748047e-05,179.82088796794415,588.1954374313354,1.0,248.4700231552124,569.0053024291992,1.0
66,358.4952943325043,545.7032532691956,1.0,283.45279693603516,500.826163649559,1.0,281.33233618736267,420.9663505554199,1.0,250.65293645858765,399.3520133495331,1.0,194.00540113449097,399.4728376865387,1.0,250.2341421842575,409.5546865463257,5.1587820053100586e-05,178.98118829727173,426.7953324317932,1.0,263.08747124671936,441.82483291625977,1.0,268.0427050665021,417.3122248649597,5.412101745605469e-05,168.2073540687561,463.01224422454834,1.0,263.9323892593384,473.5433716773987,1.0,276.01373767852783,470.7791109085083,2.512335777282715e-05,172.99908483028412,507.7764115333557,1.0,272.5830936431885,506.2115707397461,1.0,253.05285108089447,549.6476316452026,0.0001176297664642334,186.74716901779175,546.7051367759705,1.0,255.1030285358429,532.088421665132,1.0
67,380.06617177277803,514.5345262289047,1.0,301.2383334636688,458.01764965057373,1.0,312.40554666519165,374.27434968948364,1.0,282.93744468688965,346.2695860862732,1.0,239.52463388442993,341.5648956298828,1.0,250.2341421842575,356.6818780899048,0.0001207888126373291,202.17371702194214,363.3920273780823,1.0,286.056921005249,399.8809926509857,1.0,270.6505069732666,395.30858343839645,3.078579902648926e-05,189.40972650051117,402.19750118255615,1.0,283.61805152893066,423.8384027481079,1.0,290.92685317993164,466.2891697883606,0.00030937790870666504,191.96657967567444,446.3207895755768,1.0,287.92517352104187,461.5666754245758,1.0,263.86730098724365,507.60796505212784,0.0014778673648834229,191.48402166366577,493.0144338607788,1.0,265.0883741378784,493.5877786874771,1.0
68,404.66149908304214,492.4095142185688,1.0,325.20824325084686,421.4110759496689,1.0,348.2635073065758,337.0322952270508,1.0,323.191853761673,304.2252163887024,1.0,260.3112650513649,283.92567777633667,1.0,250.2341421842575,297.33653354644775,0.0004222989082336426,232.63345193862915,325.0969469547272,1.0,322.6464333534241,356.92554491758347,1.0,295.38622856140137,348.80847519636154,3.153085708618164e-05,214.96793222427368,368.8326005935669,1.0,313.2579641342163,386.2689051628113,1.0,318.92881965637207,424.0755968093872,0.0004761815071105957,208.7322759628296,395.27331161499023,1.0,312.95641469955444,419.0043716430664,1.0,263.86730098724365,456.72864294052124,9.387731552124023e-05,208.21005821228027,438.8048846721649,1.0,281.7346935272217,445.8412878513336,1.0
69,432.98389959335327,467.9101742133498,1.0,355.0836063027382,383.47585105895996,1.0,391.99287366867065,295.86170291900635,1.0,363.94691133499146,262.5000350475311,1.0,299.3672742843628,231.69064331054688,1.0,284.4197700023651,248.37477684020996,0.0003088712692260742,276.65940380096436,255.66540265083313,1.0,359.6596887111664,314.5177512168884,1.0,357.6538681983948,314.7579255104065,1.6033649444580078e-05,249.63406705856323,301.6127665042877,0.9999996423721313,347.0218596458435,346.120313167572,1.0,340.03101730532944,383.404061794281,0.0006219148635864258,235.72643947601318,342.79960322380066,1.0,342.3623549938202,379.5376663208008,1.0,306.1226319074631,386.1268529891968,0.0002688169479370117,229.2082977294922,387.647412776947,1.0,308.4575002491474,401.308735370636,1.0
70,460.7338225841522,445.89602959156036,1.0,389.32328939437866,349.95247399806976,1.0,435.42285174131393,259.8030481636524,1.0,412.64047330617905,224.7873091697693,1.0,346.40318870544434,185.21779823303223,1.0,402.96912229061127,235.39557075500488,0.0002186894416809082,321.08032512664795,201.94957828521729,1.0,399.5048568248749,275.4163712859154,1.0,396.83960622549057,283.6761559844017,0.00020766258239746094,287.99625396728516,242.10288190841675,1.0,382.1253502368927,307.4503860473633,1.0,371.3405041694641,351.2350289821625,0.0003452301025390625,267.0439022183418,291.86315746605396,1.0,374.8084797859192,342.8518567085266,1.0,328.00604248046875,370.8688201904297,0.003362327814102173,252.61004269123077,343.89376306533813,1.0,335.4224557876587,362.68072748184204,1.0
71,489.52250957489014,425.0528600215912,0.9999999403953552,420.280614733696,320.7838273048401,1.0,475.55506151914597,230.22992372512817,1.0,458.63358783721924,192.82807302474976,1.0,388.9459319114685,143.7013921737671,1.0,426.69002652168274,203.06343126296997,0.0009477734565734863,361.1921558380127,160.27369737625122,1.0,437.48020219802856,245.23113119602203,1.0,427.52813708782196,283.6761559844017,4.756450653076172e-05,318.7916021347046,200.95099687576294,1.0,415.54464864730835,276.7634439468384,1.0,402.89889907836914,320.9050922393799,0.0001506507396697998,291.38563138246536,252.4577181339264,1.0,404.64254665374756,313.1121850013733,1.0,346.95375525951385,342.16584968566895,0.64927077293396,277.2559367418289,305.55969858169556,1.0,361.79756689071655,330.62814950942993,1.0
72,511.08438777923584,411.4141611456871,1.0,448.33965492248535,298.8490413427353,1.0,509.68298268318176,210.27059125900269,1.0,494.50103759765625,167.52118468284607,1.0,425.6175012588501,112.77737283706665,1.0,444.78984558582306,177.14519548416138,0.00042882561683654785,394.70345067977905,130.04381799697876,1.0,469.0242033004761,220.7171449661255,1.0,427.52813708782196,262.4527006149292,0.00027108192443847656,346.8775520324707,170.76601266860962,1.0,445.14706230163574,251.98164987564087,1.0,432.6752848625183,297.61862325668335,0.0009602904319763184,318.2201406955719,221.60274028778076,1.0,428.8654609322548,289.03315258026123,1.0,346.95375525951385,313.53981828689575,0.871641993522644,300.56891041994095,273.03731966018677,1.0,386.18107652664185,305.3294291496277,1.0
73,527.5877323150635,401.0373511314392,0.9999992847442627,472.17787313461304,283.68915927410126,0.9999999403953552,534.3211731910706,198.23040986061096,1.0,525.1433248519897,148.27177506685257,1.0,455.8127362728119,91.5258002281189,1.0,449.1333706378937,106.26864814758301,0.0002656280994415283,421.35842752456665,107.7136812210083,1.0,496.6022357940674,202.91903400421143,1.0,427.52813708782196,260.1437158584595,0.00016742944717407227,372.6571806669235,148.05090713500977,1.0,469.48568880558014,234.6282820701599,1.0,432.6752848625183,280.0591688156128,0.0001659691333770752,337.6382050514221,200.45645809173584,1.0,451.8887600675225,272.26309633255005,1.0,364.6142775416374,295.85362672805786,0.9563084840774536,321.6704981327057,252.63688564300537,1.0,405.52754616737366,287.59113478660583,1.0
74,542.2974536418915,394.949556350708,0.9997539520263672,491.1524623632431,271.4730632305145,0.9999999403953552,549.5803737640381,196.85402393341064,0.6950588822364807,537.0320324897766,146.3985414505005,0.9994205236434937,478.74595189094543,78.93769645690918,1.0,460.4938038289547,93.22838973999023,0.0006959438323974609,441.1054697036743,92.48482894897461,1.0,518.8396553993225,189.7854025363922,1.0,411.9397644996643,139.13019436597824,0.00015249848365783691,391.04427909851074,133.49471473693848,1.0,489.8359155654907,220.3855495452881,1.0,432.6752848625183,266.8282585144043,8.955597877502441e-05,353.7396116256714,185.10741138458252,1.0,470.2375738620758,259.6310954093933,1.0,380.0021696353797,280.02980613708496,0.960565984249115,338.1625541448593,235.5883641242981,1.0,422.0987403392792,273.9831519126892,1.0
75,543.6577627658844,394.949556350708,0.9683835506439209,501.75149977207184,264.7523980140686,1.0,549.5803737640381,196.85402393341064,0.02426043152809143,537.0320324897766,146.3985414505005,0.04540666937828064,496.80859756469727,73.24265480041504,1.0,460.4938038289547,90.6519341468811,0.5245831608772278,454.9093909263611,90.21299839019775,1.0,530.4747483730316,185.35770416259766,1.0,411.9397644996643,139.13019436597824,0.000960230827331543,404.8205055594444,126.98496866226196,1.0,504.65890645980835,215.90155267715454,1.0,383.04026103019714,185.61723971366882,0.0007848739624023438,366.7160711288452,176.9987874031067,1.0,483.9090085029602,250.72891473770142,1.0,388.898695230484,276.6884924173355,0.9987473487854004,345.86850929260254,228.12153010815382,1.0,434.43652057647705,267.54319047927856,1.0
76,543.6577627658844,394.949556350708,0.9159568548202515,501.75149977207184,264.7523980140686,1.0,550.3264293670654,196.85402393341064,0.0014782547950744629,547.9578318595886,141.36524295806885,0.006037622690200806,496.80859756469727,73.24265480041504,1.0,464.94513607025146,90.6519341468811,0.552204430103302,454.9093909263611,90.21299839019775,1.0,530.4747483730316,185.35770416259766,0.9999645948410034,411.9397644996643,139.13019436597824,0.0040021538734436035,404.8205055594444,126.98496866226196,1.0,504.65890645980835,215.90155267715454,1.0,382.9402365684509,185.61723971366882,0.002627074718475342,366.7160711288452,176.9987874031067,1.0,483.9090085029602,250.72891473770142,1.0,388.898695230484,276.6884924173355,0.9998749494552612,345.86850929260254,228.12153010815382,1.0,434.43652057647705,267.54319047927856,1.0
77,543.6577627658844,395.38735485076904,0.9900624752044678,501.75149977207184,264.7523980140686,1.0,550.3264293670654,197.66797161102295,0.013189882040023804,537.0320324897766,146.3985414505005,0.010106533765792847,496.80859756469727,73.24265480041504,1.0,466.15223026275635,90.6519341468811,0.018372267484664917,454.9093909263611,90.21299839019775,1.0,530.4747483730316,185.35770416259766,0.9999991655349731,464.5275661945343,231.619695186615,0.00012686848640441895,404.8205055594444,126.98496866226196,1.0,504.65890645980835,215.90155267715454,1.0,382.9402365684509,185.61723971366882,0.0002340376377105713,366.7160711288452,176.9987874031067,1.0,483.9090085029602,250.72891473770142,1.0,388.898695230484,276.6884924173355,0.9999233484268188,345.86850929260254,228.12153010815382,1.0,434.43652057647705,267.54319047927856,1.0
78,537.7869906425476,397.98362970352173,0.9999894499778748,488.8174738883972,277.93656039237976,1.0,549.1642971038818,199.09807109832764,0.26149243116378784,527.4512238502502,146.86257362365723,0.9990330934524536,483.3345489501953,90.61536836624146,1.0,466.15223026275635,204.87756443023682,0.0007253885269165039,447.7960534095764,107.96415401250124,1.0,519.8177585601807,196.20062945783138,1.0,464.5275661945343,238.81538200378418,0.0006174147129058838,392.5320739746094,149.16496467590332,1.0,490.3289096355438,226.4874529838562,1.0,382.9402365684509,203.12963145971298,0.00048470497131347656,358.43099212646484,194.99626970291138,1.0,469.3169927597046,261.6757757663727,1.0,377.27934646606445,288.841796875,0.9999444484710693,337.5635485649109,246.82736039161682,1.0,421.38383972644806,279.3677520751953,1.0
79,524.1410170942545,407.69794845581055,1.0,458.3907027244568,298.7403635978699,1.0,528.1217722892761,210.50253808498383,1.0,508.84118843078613,167.22782039642334,1.0,447.2657661437988,114.03787040710449,1.0,465.92786407470703,206.54533457756042,0.0005602538585662842,412.7056682705879,136.57712364196777,0.9999998807907104,483.781977429986,213.5384397506714,1.0,464.5275661945343,255.69985437393188,0.00013762712478637695,358.0890908241272,184.98107051849365,1.0,456.40764808654785,247.1969952583313,1.0,370.6184437274933,284.7950539588928,0.0008699297904968262,328.0692820549011,238.12991905212402,0.9999998807907104,437.14813256263733,279.19760036468506,1.0,358.03045868873596,320.7127673625946,0.9999990463256836,311.4807057380676,289.0344567298889,1.0,398.2089557647705,302.5819082260132,0.9999998211860657
80,504.10791778564453,421.3973424434662,1.0,414.7535102367401,330.109636425972,0.9999998211860657,492.07945251464844,235.3572645187378,1.0,471.9312834739685,192.6417350769043,1.0,408.5992283821106,143.4063606262207,1.0,465.92786407470703,233.951979637146,0.3351515531539917,352.04933643341064,181.54880821704865,0.9999932646751404,405.417010307312,229.83115589618683,0.7888287305831909,384.71549463272095,282.2724144458771,0.26639223098754883,305.55593514442444,230.5220398902893,1.0,382.2183766365051,268.16877937316895,0.9997584819793701,370.0664653778076,310.5278525352478,0.7389835119247437,289.53896474838257,278.24181032180786,1.0,371.80490623414516,297.4962501525879,0.9991298317909241,333.46856462955475,359.7021498680115,0.9999998807907104,283.8968353420496,333.6813144683838,1.0,341.3941992521286,330.22333323955536,0.9999997615814209
81,478.89897060394287,440.37299728393555,1.0,380.3445083796978,373.28564262390137,1.0,458.5299482345581,262.5839614868164,1.0,436.94408494234085,223.01294326782227,1.0,384.274227142334,167.7983033657074,1.0,349.6379073858261,274.8115315437317,1.0,319.9727199077606,255.7424283027649,1.0,266.36161851882935,231.70679140090942,1.0,307.418352663517,324.67390006780624,1.0,272.17995738983154,304.6040277481079,1.0,216.4771180152893,286.0619623661041,1.0,302.8828270435333,358.0480000972748,1.0,261.25453996658325,353.1246032714844,1.0,224.4490442276001,340.75129747390747,1.0,299.7312760055065,415.8387327194214,1.0,266.58253622055054,411.66174364089966,1.0,236.20043659210205,388.31371533870697,1.0
82,444.0920073315501,467.4632645845413,1.0,344.84626865386963,411.465292930603,1.0,416.0198302268982,301.83863401412964,1.0,381.2156744003296,260.75474387407303,1.0,348.85002142190933,199.20674014091492,1.0,300.5038555264473,331.5493856072426,1.0,256.77317571640015,314.19671535491943,1.0,168.5530915260315,294.9454803466797,1.0,267.78303998708725,383.810405254364,1.0,223.67540860176086,370.09833335876465,1.0,128.40939712524414,368.70066022872925,1.0,267.4779485464096,429.5042221546173,1.0,230.33677101135254,421.78368949890137,1.0,141.31451392173767,425.61104249954224,1.0,277.45235669612885,487.5133783817291,1.0,243.972829002887,483.8053207397461,1.0,181.5918539762497,484.06304931640625,1.0
83,413.72178614139557,497.99758744239807,1.0,320.10006761550903,465.4158420562744,1.0,369.02186942100525,351.9397556781769,1.0,330.940110206604,308.53933304548264,1.0,306.2790905237198,251.68945264816284,1.0,256.9429054260254,397.95490205287933,1.0,215.39565682411194,383.92591190338135,0.9999924898147583,124.91440099477768,369.07646226882935,0.9999899864196777,239.94871473312378,450.05466294288635,0.9999998807907104,187.47683334350586,446.83848547935486,1.0,96.16490268707275,457.3055648803711,1.0,243.98515244293958,490.8725528717041,0.9999997019767761,198.029629945755,500.00305938720703,1.0,111.10333204269409,508.5301151275635,1.0,263.0006148815155,542.5449404716492,0.9999951720237732,224.36128211021423,552.8040375709534,0.9999998807907104,156.1209039390087,570.1364421844482,0.9999999403953552
84,386.0711656808853,529.0548992156982,1.0,296.79717779159546,515.7940729409456,1.0,330.64893341064453,396.8769605755806,1.0,293.9640052318573,356.63413590192795,1.0,268.9900524020195,299.77656507492065,1.0,231.2518949508667,450.3220844268799,1.0,183.05620908737183,439.49728894233704,0.9999922513961792,106.70838606357574,431.7646200656891,0.9999659061431885,220.8180546760559,501.875182390213,1.0,164.72324895858765,505.4452500343323,0.9999999403953552,85.30170357227325,521.3276271820068,1.0,229.87057542800903,542.4519186019897,0.9999977350234985,174.1531479358673,555.3344236016273,0.9999992847442627,99.74713104963303,572.9831068515778,1.0,254.84468364715576,589.3885992765427,0.9999732971191406,219.89193195849657,606.0754170417786,0.9999998807907104,153.05091094970703,626.3304883241653,1.0
85,365.23011565208435,555.1941446065903,0.9999999403953552,281.93719720840454,548.1703111380339,1.0,303.03629660606384,433.5051827430725,1.0,271.3785181045532,391.2383315563202,1.0,245.65973663330078,337.21822357177734,1.0,213.94079291820526,489.3237566947937,1.0,167.87555861473083,480.8588387966156,0.9999997615814209,98.51058518886566,476.508360683918,0.9999894499778748,208.4764585494995,540.3159995675087,1.0,155.31946510076523,547.7496528923512,0.9999997615814209,80.4046220779419,565.4699066877365,1.0,214.74935603141785,582.1578013896942,0.9999998211860657,171.52307319641113,591.750958442688,1.0,93.44273674488068,614.7306668758392,1.0,246.44022488594055,622.2467832565308,0.9999997019767761,213.50327622890472,642.0027116537094,1.0,150.78312754631042,664.5128464698792,1.0
86,349.3906697034836,575.1654648780823,1.0,269.2129180431366,569.566258430481,1.0,285.7368634939194,454.29256439208984,1.0,256.4483141899109,411.6203737258911,1.0,231.89486241340637,358.395357131958,1.0,204.4271123111248,509.7403725385666,1.0,159.54128003120422,503.8452317714691,0.9999988079071045,92.41397354006767,498.8524503707886,1.0,199.81046557426453,562.3877544403076,1.0,154.25581777095795,570.1388545036316,1.0,78.04674863815308,588.6242376565933,1.0,209.67345023155212,603.7943519055843,1.0,169.48722290992737,613.7039630413055,1.0,93.34830689430237,632.4286661148071,1.0,243.13964956998825,641.3645520210266,1.0,212.1055365651846,661.2087377309799,1.0,150.56609559059143,686.7914938926697,1.0
87,340.51025515794754,587.3284882903099,1.0,264.03984689712524,579.6639406085014,1.0,280.0586495399475,459.76232385635376,1.0,254.09522771835327,418.9535746574402,1.0,230.4945363998413,360.73684310913086,1.0,196.1908165961504,515.6373158097267,1.0,151.4331612586975,513.3393888473511,1.0,89.21114158630371,506.5768766403198,1.0,193.7616674900055,569.1417617797852,1.0,149.53751254081726,578.422878742218,1.0,76.37790012359619,595.0583124160767,1.0,204.91781961917877,613.0059700012207,1.0,167.8497598171234,622.0839221477509,1.0,93.24830174446106,637.8119148015976,1.0,237.51632487773895,652.5588104724884,1.0,207.80140018463135,669.9886360168457,1.0,150.363596200943,695.1708710193634,1.0
88,340.51025515794754,587.3284882903099,1.0,263.74639558792114,579.6639406085014,1.0,280.0586495399475,459.76232385635376,1.0,254.09522771835327,418.9535746574402,1.0,230.4945363998413,360.73684310913086,1.0,196.1908165961504,515.6373158097267,1.0,151.4331612586975,513.3393888473511,1.0,87.60049557685852,506.5768766403198,1.0,193.7616674900055,569.1417617797852,1.0,147.321551322937,578.422878742218,1.0,73.13721179962158,595.0583124160767,1.0,201.9192430973053,613.0059700012207,1.0,166.5129747390747,622.0839221477509,1.0,89.4286093711853,637.8119148015976,1.0,235.88864040374756,652.5588104724884,1.0,206.03050184249878,669.9886360168457,1.0,148.5438517332077,695.1708710193634,1.0
89,340.51025515794754,587.3284882903099,1.0,263.74639558792114,579.6639406085014,1.0,280.0586495399475,459.76232385635376,1.0,254.09522771835327,418.9535746574402,1.0,230.4945363998413,360.73684310913086,1.0,196.1908165961504,515.6373158097267,1.0,151.4331612586975,513.3393888473511,1.0,87.60049557685852,506.5768766403198,1.0,193.7616674900055,569.1417617797852,1.0,145.52125453948975,578.422878742218,1.0,72.63625812530518,595.0583124160767,1.0,201.9192430973053,613.0059700012207,1.0,166.5129747390747,622.0839221477509,1.0,87.24836325645447,637.8119148015976,1.0,235.60060834884644,652.5588104724884,1.0,205.28825461864471,669.9886360168457,1.0,145.61169815063477,695.1708710193634,1.0
90,342.35867977142334,584.3359336853027,1.0,263.74639558792114,574.2429769039154,1.0,281.7674102783203,453.73880302906036,1.0,255.672132730484,411.45541524887085,1.0,235.61413145065308,353.84348917007446,1.0,197.22142732143402,510.21734380722046,1.0,152.18788480758667,506.6214337348938,1.0,87.60049557685852,499.50489059090614,1.0,194.00539791584015,563.2510390281677,1.0,145.52125453948975,575.24049949646,1.0,72.62161827087402,589.1818188428879,1.0,201.9192430973053,608.0302691459656,1.0,166.5129747390747,617.0217380523682,1.0,87.24836325645447,631.7410249710083,1.0,235.60060834884644,647.8480114936829,1.0,203.47690504789352,664.8833684921265,1.0,143.13598132133484,691.1460070610046,1.0
91,345.1585931777954,580.7483827471733,1.0,265.27967262268066,570.7967128753662,1.0,284.84692722558975,450.5393433570862,1.0,258.79040479660034,406.89439392089844,1.0,238.6875033378601,350.5286798477173,1.0,198.68301033973694,505.63856840133667,1.0,153.75479316711426,502.5282211303711,1.0,90.86721241474152,495.05295610427856,1.0,195.95801234990358,559.425586938858,1.0,145.52125453948975,569.1084604263306,1.0,72.62161827087402,584.3774371147156,1.0,203.24762827157974,604.1991903781891,1.0,166.9334831237793,612.5296797156334,1.0,87.24836325645447,628.365797996521,1.0,235.60060834884644,643.4759931564331,1.0,203.14956188201904,661.2114055156708,1.0,143.04917883872986,685.7873913049698,1.0
92,345.99551248550415,580.1123568117619,1.0,266.5316209793091,569.0658330917358,1.0,286.85431241989136,447.97123098373413,1.0,261.21261274814606,405.2570905685425,1.0,241.07057523727417,347.6067762374878,1.0,200.54371643066406,502.6601746082306,1.0,155.57338047027588,498.6468154191971,1.0,90.86721241474152,491.6858630478382,0.9999999403953552,196.9522589445114,556.1374969482422,1.0,146.44141244888306,565.9717630147934,1.0,72.63625812530518,580.7330710887909,1.0,203.69312980771065,600.8598260879517,1.0,168.25483751296997,609.8407635688782,1.0,87.21228289604187,625.2406139373779,1.0,235.78425884246826,641.1916074752808,1.0,202.8716243505478,657.0288100242615,1.0,142.1439390182495,680.779456615448,1.0
93,345.99551248550415,579.1251646280289,1.0,266.9598512649536,568.3929243087769,1.0,287.93179178237915,447.6474049091339,1.0,262.53667163848877,403.9446725845337,1.0,242.03204774856567,347.48607063293457,1.0,201.28898000717163,500.79696387052536,1.0,156.10000924021006,496.99326038360596,1.0,90.86721241474152,488.9410333633423,1.0,197.06777596473694,554.1616010665894,1.0,146.4496808052063,564.2976639568806,1.0,72.93669843673706,577.5468301773071,1.0,204.0160408373922,598.948052406311,1.0,168.25483751296997,607.2779893875122,1.0,87.21228289604187,623.5694606304169,1.0,235.85146570205688,639.4021015167236,1.0,202.8716243505478,654.7718601226807,1.0,141.1287043094635,677.0895137786865,1.0
94,345.99551248550415,579.1251646280289,1.0,266.9598512649536,568.2993478775024,1.0,287.93179178237915,447.6474049091339,1.0,262.53667163848877,403.9446725845337,1.0,242.03204774856567,347.48607063293457,1.0,201.28898000717163,500.79696387052536,1.0,156.10000924021006,496.73971223831177,1.0,90.45134210586548,488.6968460083008,1.0,197.06777596473694,554.1616010665894,1.0,146.4496808052063,564.2195269018412,1.0,72.93669843673706,577.2569861412048,1.0,204.0160408373922,598.948052406311,1.0,168.25483751296997,607.2779893875122,1.0,87.21228289604187,623.30801653862,1.0,235.85146570205688,639.4021015167236,1.0,201.3825821876526,654.7718601226807,1.0,140.97753143310547,676.5481485128403,1.0
95,345.802369594574,579.1251646280289,1.0,266.9598512649536,568.2993478775024,1.0,287.93179178237915,447.6474049091339,1.0,262.53667163848877,403.9446725845337,1.0,242.03204774856567,347.48607063293457,1.0,201.28898000717163,500.76608872413635,1.0,155.57338047027588,496.61955404281616,1.0,89.15027618408203,488.67813873291016,1.0,196.9522589445114,553.7993416786194,1.0,146.4496808052063,563.9266125261784,1.0,72.93669843673706,576.923885345459,1.0,203.92570646852255,598.9308490753174,1.0,168.08542346954346,607.1978261470795,1.0,86.74393630027771,622.375983953476,1.0,235.78425884246826,639.0911905765533,1.0,200.99703168869019,654.7718601226807,1.0,140.75154399871826,676.44138905406,1.0
96,344.9724507331848,579.4319939613342,1.0,266.5590977668762,568.2993478775024,1.0,287.1579644680023,447.9998571872711,1.0,262.0452690124512,405.0829553604126,1.0,241.03138732910156,348.4095859527588,1.0,200.82750511169434,500.79696387052536,1.0,154.70521354675293,496.3307828903198,1.0,88.78425192832947,488.2415370941162,1.0,196.39661839604378,554.1253385543823,1.0,144.4546914100647,563.7974996119738,1.0,72.63587594032288,576.7075238227844,1.0,203.92570646852255,598.5080754756927,1.0,167.82498216629028,607.1120846271515,1.0,86.25136375427246,622.4434945583344,1.0,234.92368364334106,638.6827850341797,1.0,200.18974685668945,654.7718601226807,1.0,139.86456060409546,675.7999844253063,1.0
97,343.6343379020691,579.4319939613342,1.0,265.0558032989502,568.2993478775024,1.0,285.59857869148254,448.04041385650635,1.0,260.2390441298485,405.33242988586426,1.0,239.44868659973145,348.4095859527588,1.0,199.78562784194946,500.79696387052536,1.0,154.1198649406433,496.1248154640198,1.0,86.55379462242126,488.11155462265015,1.0,195.34503132104874,554.1253385543823,1.0,143.8284387588501,562.9788331985474,1.0,71.88077664375305,575.7600240707397,1.0,203.39899665117264,598.3405995368958,1.0,166.89728999137878,606.9627249240875,1.0,85.47386300563812,622.443571805954,1.0,233.63274717330933,638.6046898365021,1.0,198.84683680534363,654.7718601226807,1.0,137.80402135849,675.008047580719,1.0
98,342.43011116981506,579.4717597961426,1.0,263.94656562805176,568.0019912719727,1.0,284.5751094818115,448.04041385650635,1.0,259.42929887771606,406.2264823913574,1.0,237.03144931793213,348.4095859527588,1.0,198.32567477226257,500.76608872413635,1.0,152.25848627090454,495.7903563976288,1.0,83.91793622076511,486.7374153137207,1.0,194.33831429481506,553.7993416786194,1.0,141.73401176929474,562.7088804244995,1.0,70.43715763092041,574.5319085121155,1.0,202.17812538146973,598.2256314754486,1.0,165.7479203939438,606.7419002056122,1.0,84.21864508092403,622.443571805954,1.0,232.13314819335938,638.1495213508606,1.0,197.500990152359,654.5748958587646,1.0,136.9765591621399,674.9812917709351,1.0
99,341.03722727298737,579.4319939613342,1.0,262.14381217956543,567.4389436244965,1.0,283.26934576034546,448.04041385650635,1.0,257.99165201187134,406.26469373703003,1.0,235.08722305297852,347.82222509384155,1.0,196.85694748163223,500.6354900598526,1.0,150.07143592834473,494.3658220767975,1.0,82.25128269195557,485.27965903282166,1.0,192.83074426651,553.0352559089661,1.0,138.907133102417,560.9568758010864,1.0,68.47841399908066,572.5102781057358,1.0,200.26793146133423,597.4081270694733,1.0,163.48825693130493,605.8920899629593,1.0,80.45808506011963,622.4434945583344,1.0,229.81904458999634,638.0848853588104,1.0,196.55357933044434,654.5118098258972,1.0,135.09933614730835,674.8898458480835,1.0
100,339.2972736954689,579.1922243237495,1.0,260.59950292110443,567.1838264465332,1.0,281.7225580215454,447.56553077697754,1.0,256.04854249954224,406.26469373703003,1.0,233.73147630691528,347.0481276512146,1.0,194.8057918548584,500.5214481949806,1.0,147.1010103225708,494.2999699115753,1.0,78.89678025245667,484.01773747615516,1.0,190.0100598335266,552.938732624054,1.0,135.2011477947235,560.0153260231018,1.0,66.22261643409729,571.3635077476501,1.0,198.06077766418457,597.2629339694977,1.0,161.13176679611206,605.1966537237167,1.0,78.37038159370422,622.4434945583344,1.0,227.6407880783081,637.81909096241,1.0,193.77345848083496,654.0823743343353,1.0,132.18629582226276,674.301206111908,1.0
101,337.31140661239624,578.7391151189804,1.0,258.99951553344727,566.9789216518402,1.0,279.6532621383667,447.4687714576721,1.0,254.35953092575073,406.2264823913574,1.0,231.65669202804565,347.0481276512146,1.0,192.94444799423218,500.2513684928417,1.0,145.54714727401733,494.2854845523834,1.0,76.21428436040878,483.12324571609497,1.0,188.1913025677204,552.8839163780212,1.0,132.890007853508,558.6953678131104,1.0,63.63130784034729,569.4338736534119,1.0,196.96724289655685,597.1961063146591,1.0,160.01270723342896,605.1386518478394,1.0,76.15089888870716,622.1566457748413,1.0,225.64828968048096,637.0583939552307,1.0,191.27694034576416,653.719648361206,1.0,128.5597321987152,673.2139000892639,1.0
102,335.67153668403625,579.1385192871094,1.0,257.0201029777527,567.1838264465332,1.0,277.8781546354294,447.4687714576721,1.0,252.06389999389648,406.2264823913574,1.0,229.69876992702484,347.0481276512146,1.0,190.52389407157898,500.2513684928417,1.0,142.97120428085327,493.45914137363434,1.0,73.73964643478394,482.59184300899506,1.0,184.93612623214722,552.0170288085938,1.0,129.30274391174316,558.0074255466461,1.0,60.74554359912872,567.5810127258301,1.0,195.10117065906525,596.7350676059723,1.0,157.3129861354828,603.9628505706787,1.0,73.2207887172699,621.8015747070312,1.0,223.54503273963928,636.8702492117882,1.0,188.58874797821045,652.9787287712097,1.0,126.06862759590149,671.5835957527161,1.0
103,334.2856271266937,579.1385192871094,1.0,254.6109004020691,567.2596077919006,1.0,275.99959552200744,447.4687714576721,1.0,250.1357135772705,406.3540749549866,1.0,227.41101694107056,347.1180076599121,1.0,188.86831378936768,500.2513684928417,1.0,141.55381178855896,493.03590202331543,1.0,71.41776251792908,482.59184300899506,1.0,183.0005066394806,552.0170288085938,1.0,126.94491124153137,557.8454055786133,1.0,58.537105083465576,567.5810127258301,1.0,194.11460494995117,596.3802218735218,1.0,155.15003967285156,603.8333926200867,1.0,71.11303305625916,621.4025588035583,1.0,221.16909980773926,636.5630369186401,1.0,186.31571674346924,652.9787287712097,1.0,124.0612371750176,671.4098591804504,1.0
104,331.4687352180481,579.0984075665474,1.0,252.23739624023438,567.2596077919006,1.0,274.78394997119904,448.2869749069214,1.0,248.87535905838013,407.46035385131836,1.0,225.38627195358276,348.35896587371826,1.0,187.47816514968872,500.32558619976044,1.0,139.49425554275513,493.03590202331543,1.0,70.13138461112976,482.3787703514099,1.0,182.23827242851257,552.0170288085938,1.0,126.0565881729126,557.7758232355118,1.0,57.45972537994385,567.5807604789734,1.0,191.77287483215332,596.2507959902287,1.0,153.87434577941895,603.6731142997742,1.0,69.74723470211029,621.4025588035583,1.0,219.43494081497192,636.4982926547527,1.0,184.70263814926147,652.9606541395187,1.0,122.20450162887573,669.9181488752365,1.0
105,329.7737488746643,579.0984075665474,1.0,250.36367082595825,567.2596077919006,1.0,273.0113317966461,448.7378044128418,1.0,247.140150308609,408.1157350540161,1.0,222.25917077064514,348.35896587371826,1.0,186.01496601104736,500.32558619976044,1.0,138.17705249786377,492.4960214793682,1.0,68.47887301445007,482.3787703514099,1.0,180.6317446231842,551.9016454219818,1.0,124.36509111523628,557.247917175293,1.0,55.56508731842041,567.5807604789734,1.0,190.31091713905334,596.037054438144,1.0,151.87938833236694,603.6158065795898,1.0,68.11336401104927,621.3972284793854,1.0,217.28582906723022,636.4982926547527,1.0,182.61533403396606,652.9606541395187,1.0,119.43368697166443,669.5759069919586,1.0
106,328.43671226501465,579.0984075665474,1.0,248.88628578186035,567.2596077919006,1.0,271.4085123538971,448.7378044128418,1.0,245.38498675823212,408.1157350540161,1.0,220.4972992837429,348.35896587371826,1.0,185.06191682815552,500.32558619976044,1.0,137.82908630371094,492.47201457619667,1.0,66.85637497901917,482.283420085907,1.0,179.3496094942093,551.9016454219818,1.0,123.76426811516285,556.4139156341553,1.0,54.2080283164978,566.0194606781006,1.0,189.76425564289093,595.9677772186697,1.0,150.74014687538147,603.6158065795898,1.0,66.9870034456253,621.3972284793854,1.0,215.48151278495789,636.1600427627563,1.0,181.60160994529724,652.9606541395187,1.0,118.05942273139954,669.3659334182739,1.0
107,326.96164178848267,577.9957232475281,1.0,247.1715247631073,566.0847253799438,1.0,268.6172998547554,448.7378044128418,1.0,244.28999519348145,408.1157350540161,1.0,218.18220615386963,348.338903427124,1.0,183.41029405593872,499.99891516868956,1.0,135.07247519493103,491.459924697876,1.0,64.6728241443634,481.1046209335327,1.0,178.05045175552368,551.755973815918,1.0,121.49829483032227,554.5659246444702,1.0,53.01097309589386,563.748145788908,1.0,188.50585091114044,595.2679819464684,1.0,149.60013699531555,602.6997447013855,1.0,64.57990717887878,621.2522376775742,1.0,214.00223112106323,635.0500783920288,1.0,179.90564382821321,652.2924394607544,1.0,116.06703338027,667.6032977104187,1.0
108,325.7438393831253,577.7285041809082,1.0,246.14311528205872,565.3996251821518,1.0,267.34635746479034,447.62112379074097,1.0,243.08126211166382,407.9828827381134,1.0,217.611083984375,347.33191680908203,1.0,182.2045533657074,498.3293285369873,1.0,134.10795164108276,490.4916887283325,1.0,62.50219964981079,479.93689346313477,1.0,176.74359560012817,550.6179201602936,1.0,120.42683982849121,553.8972606658936,1.0,50.49822986125946,562.4650864601135,1.0,187.44551992416382,594.4247769117355,1.0,147.1036729812622,602.018214225769,1.0,62.03103494644165,619.7057051956654,0.9999999403953552,212.34118470549583,634.4577798843384,1.0,178.06059503555298,650.9540047645569,1.0,114.26522290706635,665.8619709014893,1.0
109,324.79242104291916,577.7285041809082,1.0,245.77819311618805,564.6406595110893,1.0,267.08935260772705,447.4363317489624,1.0,242.0754475593567,407.7258310317993,1.0,216.76529550552368,346.86069774627686,1.0,181.09343230724335,497.5512261390686,1.0,133.03153216838837,488.8280897140503,1.0,60.910708963871,478.5971248149872,1.0,175.93670988082886,549.6545114517212,1.0,119.25048446655273,552.6490273475647,1.0,49.75820016860962,561.3706364631653,1.0,186.38516187667847,593.2626473903656,1.0,146.21397876739502,600.1379418373108,1.0,60.80404585599899,617.9463696479797,1.0,211.47968125343323,633.6163353919983,1.0,176.68856167793274,649.3142719268799,1.0,112.69637727737427,664.017876625061,1.0
110,324.5279933810234,577.5766177177429,1.0,244.93900018930435,564.5522747039795,1.0,267.06576442718506,446.9074685573578,1.0,241.48062419891357,407.2099051475525,1.0,215.41240811347961,346.67293071746826,1.0,180.91400188207626,497.52660512924194,1.0,132.72804981470108,488.76946210861206,1.0,60.300395488739014,478.2109680175781,0.9999999403953552,175.49548530578613,549.5707527399063,1.0,119.21000528335571,552.426278591156,1.0,49.02027702331543,561.1036958694458,1.0,185.93905544281006,592.7833745479584,1.0,145.45161628723145,600.1001710891724,1.0,60.691347539424896,617.7118530273438,1.0,211.02406704425812,633.1389713287354,1.0,176.54918837547302,649.0519194602966,1.0,111.28355169296265,663.8614068031311,1.0
111,323.162309885025,577.3042826652527,1.0,244.88292002677917,564.4581155776978,1.0,266.8951506614685,446.6191165447235,1.0,241.2182674407959,407.19555139541626,1.0,215.2761459350586,346.6221237182617,1.0,180.77933460474014,496.6655378341675,1.0,132.18132305145264,488.62726163864136,1.0,59.26412117481232,478.03520941734314,0.9999999403953552,174.96969652175903,549.2833760976791,1.0,118.60847783088684,552.2113599777222,1.0,47.942946910858154,560.7807531356812,1.0,185.56028509140015,592.3201944828033,1.0,144.5674262046814,599.3723518848419,1.0,59.91381646692753,617.5113096237183,1.0,210.9262499809265,632.8467607498169,1.0,176.34706020355225,648.6880254745483,1.0,110.58378887176514,663.3154654502869,1.0
112,322.93379342556,577.1187844276428,1.0,244.1422317624092,563.576404094696,1.0,266.5123143196106,445.8501373529434,1.0,240.92050743103027,406.213427066803,1.0,214.98367428779602,345.5382742881775,1.0,180.3613753914833,495.6518168449402,1.0,132.03472711145878,487.0935785770416,1.0,59.2243235707283,476.2136297225952,1.0,174.7674858570099,548.01351074595,1.0,117.8643274307251,551.2991070747375,1.0,47.817816734313965,559.4600546360016,1.0,184.8310694694519,591.2351746559143,1.0,143.91883540153503,598.471372127533,1.0,59.862628281116486,616.461905002594,1.0,210.3681139945984,632.1147408485413,1.0,175.82511067390442,647.7098689079285,1.0,109.91604340076447,662.9020807743073,1.0
